names,scores,logfoldchanges,pvals,pvals_adj
FTH1,21.09543,0.8641378,8.76053772447457e-99,6.881402382574775e-95
TPT1,19.632627,0.7908358,8.139580909839198e-86,2.131213601559563e-82
PHGDH,19.090408,2.90904,3.033929040933979e-81,3.971918769422734e-78
TMSB4X,18.360218,0.74890566,2.7350913092128914e-75,2.38712691487414e-72
MDK,17.3734,1.1677722,1.3121663123193049e-67,8.589221986056783e-65
EIF1,17.087809,0.55492264,1.8292044754063528e-65,1.1052616272551462e-62
WARS,16.900414,1.8425059,4.467553488443699e-64,2.3395088434483504e-61
FAM89A,16.688559,1.762904,1.5875965809564367e-62,7.378282889228686e-60
XBP1,15.791398,1.4574119,3.5658873653749017e-56,1.3338116788104693e-53
ANAPC16,15.497383,1.1451572,3.6130965071125453e-54,1.2339510027551758e-51
SETD5-AS1,15.422841,1.4782814,1.1493450176654888e-53,3.761710464067673e-51
IFITM2,15.416148,1.4507685,1.2748388900484428e-53,4.0055437925322076e-51
HAX1,15.367915,1.0447412,2.686754288472109e-53,8.117098052287852e-51
MS4A3,15.229217,0.8648875,2.262878538202244e-52,6.583300339843936e-50
ASNS,15.041361,1.7452133,3.933796829031076e-51,1.1035705032871109e-48
MAP1B,15.037091,1.7730247,4.1958486216356455e-51,1.1364962387223447e-48
GHITM,14.799502,0.760705,1.4756970960275843e-49,3.622375215405211e-47
MALAT1,14.719537,0.7861926,4.8295445325384314e-49,1.0838877800882679e-46
EXOSC8,14.541836,1.0042155,6.580372684056593e-48,1.3602323008753824e-45
HMGN1,14.487025,0.48969403,1.4634394020320276e-47,2.873829125740394e-45
TCEA1,14.485064,1.1289374,1.505823488558164e-47,2.884937439664483e-45
CRNDE,14.412945,1.5652765,4.29019270921218e-47,8.023681840681351e-45
PPDPF,14.248976,0.90752214,4.549067418562918e-46,8.121119221093573e-44
CST3,14.228666,0.8150267,6.083053144153196e-46,1.0618307210516302e-43
HERPUD1,14.201088,1.456117,9.020052010497661e-46,1.5402719248360681e-43
SH3BGRL3,13.976077,1.1425598,2.1818706809737695e-44,3.64650940405297e-42
RPS20,13.820646,0.47397485,1.913437453981001e-43,3.1312606668793254e-41
H2AFZ,13.792722,0.6303122,2.819183769084752e-43,4.5193241849307603e-41
RPLP1,13.691294,0.2750534,1.1445285932537558e-42,1.76279845098201e-40
MT-CO2,13.493053,0.5801839,1.7183416708097815e-41,2.454104331674697e-39
RPL9,13.386433,0.42298904,7.258417510514099e-41,9.502478257514708e-39
TRIB3,13.3235445,1.459831,1.6889368528117525e-40,2.174852291612511e-38
CD47,13.096457,1.1127944,3.449911489305603e-39,4.105917386135683e-37
EIF4EBP1,13.081687,0.70719284,4.190371076751287e-39,4.8922101408720546e-37
RTN4,13.080879,0.7939869,4.235140542066196e-39,4.8922101408720546e-37
CD63,13.027569,0.5857038,8.528203565962154e-39,9.708556378352569e-37
CD99,12.895908,1.1652207,4.746375010704583e-38,5.251095170293592e-36
ATF5,12.892562,3.0196512,4.956926506058858e-38,5.407869125707267e-36
CCPG1,12.744978,1.9022464,3.3248560437429256e-37,3.4822325631467574e-35
TRAPPC6A,12.644935,1.0059861,1.1932418015552322e-36,1.2172616040540714e-34
EIF3E,12.512466,0.856382,6.381176681782988e-36,6.426172158385304e-34
S100A11,12.449809,0.9531437,1.4017971978199925e-35,1.3763896236095052e-33
MTHFD2,12.425346,0.87696,1.9039957292738926e-35,1.846405734993386e-33
PTTG1IP,12.217067,1.0773321,2.520138490726583e-34,2.301824167983408e-32
GARS,12.174834,0.9205781,4.232536877732559e-34,3.7780201334760515e-32
GYPC,12.133062,0.5557622,7.056009096689077e-34,6.158327939388078e-32
CKLF,11.975555,1.3339711,4.772331612660561e-33,4.030824173919215e-31
RPS8,11.762545,0.26368672,6.087172950767684e-32,4.92935500291548e-30
RPL7,11.756775,0.4408103,6.517657828926694e-32,5.224102270022365e-30
BEX2,11.726658,1.1858393,9.306079877899613e-32,7.383763377868834e-30
RPL26,11.683041,0.43374336,1.556272577968434e-31,1.2103486237566386e-29
SERPINF1,11.678309,1.1234645,1.6453517699786556e-31,1.2670821718806216e-29
ANXA3,11.667462,2.6596408,1.869147517557155e-31,1.4254518204282965e-29
C11orf31,11.657539,0.7368282,2.100246890006781e-31,1.5862922424041602e-29
RPS3A,11.565227,0.39417627,6.182757757181779e-31,4.5816568096851767e-29
PIM1,11.549188,1.2634382,7.45213966623826e-31,5.470706269000143e-29
TMBIM6,11.528533,0.6447193,9.474452328489726e-31,6.890909540767295e-29
EIF3M,11.488146,0.62969697,1.5132429466702604e-30,1.0805930314631723e-28
UBE2L6,11.296368,1.4076148,1.367585876209423e-29,9.506537219137185e-28
COLGALT2,11.230018,2.0080497,2.904191485326293e-29,1.9497798390801736e-27
RPS16,11.219402,0.25840494,3.274767475283887e-29,2.161621724231507e-27
SLC7A5,11.183862,1.4365582,4.8914044601888474e-29,3.20183183623195e-27
MPLKIP,10.973043,0.80746835,5.150867366072246e-28,3.1609424344138665e-26
RPL30,10.914195,0.29079255,9.859921051982314e-28,5.874855075819413e-26
ATP5G2,10.869654,0.37194213,1.6080942760480063e-27,9.497428976208339e-26
RPS27A,10.846114,0.30725828,2.080842838556873e-27,1.2197776490197193e-25
ASS1,10.784381,4.4097104,4.079824767994549e-27,2.3055412627767753e-25
H2AFV,10.668182,0.5112578,1.4340385497233776e-26,7.71532384114872e-25
RPL12,10.5182905,0.27723065,7.115281967131485e-26,3.701360255087273e-24
RGS16,10.50779,1.3637924,7.953553072701597e-26,4.110207854346779e-24
IGFBP2,10.496597,5.245509,8.955032134263318e-26,4.5676478840674266e-24
AIF1,10.486904,1.4998502,9.922627131325904e-26,5.0285313623590314e-24
PRSS57,10.4569025,1.1108536,1.3623623806964133e-25,6.730412893314671e-24
RPS4X,10.300779,0.2508567,6.989247462425832e-25,3.3889221492194387e-23
GNG5,10.28324,0.5243522,8.385980085880876e-25,3.968185155096041e-23
SSR2,10.275047,0.63274336,9.129929407757654e-25,4.268785446305736e-23
SMYD3,10.224045,0.84100306,1.547454327141288e-24,7.108335520289367e-23
OAZ1,10.137618,0.25205258,3.761607697020351e-24,1.6884244834339918e-22
ACTG1,10.135656,0.6613753,3.837882405255611e-24,1.712873084845615e-22
CALM2,9.944685,0.45773947,2.6601390819464815e-23,1.1418247261579022e-21
GYPB,9.915376,0.7859239,3.5691006360430965e-23,1.5154208376280283e-21
SERP1,9.914337,0.49877238,3.606410881374112e-23,1.5230299716770778e-21
FCGR2A,9.82791,2.1167386,8.537196937712384e-23,3.529456944512146e-21
FXYD5,9.824795,0.6165165,8.805336157105204e-23,3.621252121155046e-21
SHMT2,9.766176,0.86750853,1.5727614632360055e-22,6.3680625225354764e-21
AL592183.1,9.724636,1.3537657,2.367511517888122e-22,9.392324733844041e-21
C7orf73,9.694173,0.80676603,3.192140379914704e-22,1.2600132002125627e-20
HES1,9.691634,1.5743172,3.272501054952769e-22,1.2852747893327e-20
BUD31,9.652863,0.612825,4.780216395521905e-22,1.8588415736051765e-20
RPL23,9.571052,0.30524838,1.058241131717784e-21,4.015692796929079e-20
DYNLL1,9.499509,0.5467111,2.1088179479684336e-21,7.813568387401909e-20
RPL36AL,9.488317,0.43991786,2.3479574281114715e-21,8.618320372811032e-20
TSEN15,9.4717,1.0316235,2.753253562236629e-21,1.005897987505522e-19
PSME1,9.437314,0.9941159,3.824580895107449e-21,1.3908371727346763e-19
PFN1,9.416429,0.2502071,4.6669394864646265e-21,1.6815967736779652e-19
MYL12B,9.411467,0.5745179,4.892626472091305e-21,1.7548667095103745e-19
PLP2,9.4088125,0.8629965,5.017739665421223e-21,1.7915611396310776e-19
ORAI3,9.22765,1.891406,2.766352894839573e-20,9.326052355778904e-19
MCFD2,9.203879,0.80880344,3.452553741880895e-20,1.1589662240373688e-18
S100P,9.196148,5.103865,3.71011340916582e-20,1.2401251416594688e-18
SUMO2,9.126799,0.48649034,7.055490523952158e-20,2.328608322085891e-18
LAPTM5,9.092066,0.5863468,9.717470873552649e-20,3.154162550072564e-18
NDUFC2,9.076719,0.3133313,1.1189697531979229e-19,3.617081239246784e-18
RSL24D1,9.0452175,0.65503305,1.4936752876103174e-19,4.750129305335646e-18
ERP29,9.014639,0.4181362,1.9751982822728234e-19,6.181347612451405e-18
SLC25A1,8.96906,0.7410783,2.9905598668297474e-19,9.28492006084888e-18
GDF15,8.916673,0.8875136,4.805073557605814e-19,1.4629400308137082e-17
COMMD7,8.89798,0.92374367,5.687255940039784e-19,1.7182075157312505e-17
DRAP1,8.884479,0.43820664,6.42211594754855e-19,1.932786236321604e-17
IDH1,8.7836275,1.306391,1.5828513463372813e-18,4.622043615419831e-17
OSTC,8.778204,0.6109669,1.6610540501775866e-18,4.8324368756092377e-17
PSAT1,8.765165,1.3965969,1.8650306157683806e-18,5.385961576051702e-17
PGLS,8.752357,1.0064945,2.0894252673417032e-18,5.946534592380102e-17
SOCS1,8.724778,1.4867443,2.6670206998495704e-18,7.562977471956092e-17
BRK1,8.617581,0.34205544,6.838344064567225e-18,1.884743600953528e-16
GCAT,8.616197,0.80385876,6.921509666457313e-18,1.9009950500007762e-16
CTD-3064M3.1,8.589311,4.860944,8.749294740705008e-18,2.386309381536036e-16
ITM2B,8.567501,0.6389952,1.057544784717473e-17,2.8644876841226727e-16
EIF1B,8.535308,0.7531794,1.3978303264480504e-17,3.747425670392299e-16
SEC11A,8.508883,0.6443189,1.7561660695994858e-17,4.676164229391173e-16
CORO1A,8.485344,2.3842447,2.1508225624132745e-17,5.705415037431901e-16
MYL12A,8.420148,0.5302946,3.760088411791331e-17,9.878091797532075e-16
NDUFA4,8.402263,0.28498152,4.379573007383224e-17,1.1467181990998408e-15
YARS,8.390377,0.5702469,4.845842705693427e-17,1.2645878555887664e-15
STMN1,8.372953,0.5020698,5.619182871658736e-17,1.4567221602930486e-15
PSMA4,8.367645,0.4200905,5.878094491206166e-17,1.5138502369975225e-15
RPS24,8.329105,0.3279023,8.145574575131032e-17,2.0909636695311848e-15
EIF3F,8.220523,0.5934162,2.0261800722588453e-16,5.084870436930744e-15
UNC5B,8.182213,5.268685,2.7867746776807834e-16,6.971374233497628e-15
VAMP8,8.175636,0.44129613,2.943094183656438e-16,7.339049146863911e-15
TMEM219,8.100402,0.6117856,5.477812927404934e-16,1.3158477230815216e-14
GPSM3,8.0070505,0.6883431,1.1749210455954322e-15,2.754926809896155e-14
RP1-39G22.7,8.006358,1.566925,1.1815513633737889e-15,2.7592019571033635e-14
PCK2,7.98905,1.2361426,1.3598280075679771e-15,3.16019201167055e-14
SQSTM1,7.9718566,0.8724778,1.5630811354636279e-15,3.60058719034217e-14
SEPT6,7.9712796,0.9665516,1.5703969613139642e-15,3.6064357702145e-14
NUCB2,7.9536247,1.2094052,1.8113194565974786e-15,4.1360216080154635e-14
SEC61B,7.945663,0.42697376,1.931548853231918e-15,4.3977728238077437e-14
LAPTM4B,7.9378166,0.36725736,2.057715338480221e-15,4.658027084657676e-14
TES,7.8976607,1.6193346,2.84186673568938e-15,6.341722502511387e-14
RGS10,7.8865833,0.53649324,3.1057265526347437e-15,6.871966780548145e-14
ALDH2,7.874929,1.2342373,3.409371661964749e-15,7.480618548808129e-14
COMT,7.8715825,0.31357336,3.5018336903982987e-15,7.662090149882627e-14
SUMO1,7.8609667,0.4148971,3.811807538983602e-15,8.317152282976721e-14
IDH2,7.8264647,0.8356094,5.017797854474697e-15,1.079857593065719e-13
RPS6,7.816195,0.27301976,5.44439935933768e-15,1.1652794814059258e-13
RNF181,7.7279215,0.718333,1.0931677047377893e-14,2.3020998178861486e-13
CALCOCO2,7.6968813,1.2958735,1.3942715434141654e-14,2.9127667482761357e-13
MZT2B,7.696189,0.32252565,1.4018430974475612e-14,2.9208163210744277e-13
FOLR1,7.6799192,1.4512074,1.591891389408854e-14,3.302262536978701e-13
P4HB,7.57976,0.61054,3.4619410148686e-14,7.026756245941306e-13
CD164,7.533604,0.58886635,4.935862212301744e-14,9.941332737853897e-13
RBCK1,7.5206804,0.72871774,5.4491907982872555e-14,1.0863805512829034e-12
SUB1,7.510757,0.3706253,5.878650140962273e-14,1.1660807287186529e-12
CTH,7.4991026,1.3028399,6.425631417765882e-14,1.2681742408681157e-12
THYN1,7.473832,0.69899035,7.789261937062503e-14,1.5258018083697247e-12
PRR13,7.4495997,0.42114165,9.362368694214415e-14,1.8248487864281447e-12
COX5A,7.4466,0.27505857,9.577658774636169e-14,1.8621908335338392e-12
CLIC1,7.43183,0.29892537,1.0710552924049784e-13,2.072201803409139e-12
CCNI,7.384289,0.45928413,1.532701795018251e-13,2.9292877371942484e-12
HSPA5,7.3608646,0.5342634,1.8272258032774413e-13,3.4502064146019956e-12
CSF3R,7.282053,2.4640853,3.287773924675783e-13,6.019921719890041e-12
NEAT1,7.2759376,0.66620636,3.440228469056422e-13,6.269836339776843e-12
UQCRB,7.219396,0.47650954,5.22188955948576e-13,9.386256862645456e-12
GAS6,7.2121267,1.1734033,5.508470425586833e-13,9.853242940771844e-12
DYNLRB1,7.2117805,0.61127883,5.522495624506804e-13,9.853242940771844e-12
RTN3,7.2115498,0.6570119,5.531865228364587e-13,9.853242940771844e-12
MRPS22,7.184664,0.6344164,6.737279216845303e-13,1.1919218073945913e-11
CENPH,7.165278,0.847544,7.762876379298124e-13,1.3592155577993073e-11
PCBP2,7.135392,0.36794642,9.651166119260414e-13,1.6809292653390366e-11
C10orf11,7.114391,1.29103,1.1240803727981553e-12,1.9534626832587412e-11
MKNK2,7.080697,1.1774358,1.4343114843725202e-12,2.4439298719622877e-11
CMTM3,7.0743504,1.1676289,1.5015024585391547e-12,2.5528791800487143e-11
PRSS1,7.057273,2.4315963,1.698020513994387e-12,2.8560923206479463e-11
MTCH1,7.039618,0.40171152,1.9276744254194263e-12,3.2148370725413147e-11
BCAT1,7.0119243,0.65393263,2.3506219082962134e-12,3.8627897677127104e-11
CAPZB,6.988154,0.4778851,2.7852655794408704e-12,4.5390583250016676e-11
SPI1,6.983077,1.0453453,2.8878436986811514e-12,4.6867793911447196e-11
TM6SF1,6.980192,3.2859228,2.94776773094391e-12,4.7741681498070956e-11
MYH9,6.9578066,1.3897139,3.456118246394472e-12,5.5630755789812666e-11
RMI2,6.947421,1.0414621,3.7202368465096424e-12,5.963767434557804e-11
FUCA2,6.922035,0.6744605,4.452001201357481e-12,7.050497870294962e-11
PSIP1,6.8915725,0.6165205,5.517906541914875e-12,8.634094798155646e-11
NDUFS4,6.882687,0.64991724,5.873388674096635e-12,9.117681429847643e-11
UTP11L,6.868725,0.46431714,6.477823647011391e-12,9.977118577896957e-11
COX7A2L,6.8644557,0.35957193,6.6745309645903185e-12,1.0239929829464248e-10
FAM83A,6.8603015,0.5804977,6.871535650451799e-12,1.0521620377056311e-10
CCDC23,6.8428774,0.64274347,7.761798142453825e-12,1.1815683024995116e-10
PPP1R18,6.7769895,0.7021838,1.227056346793237e-11,1.8117533090339995e-10
FAM49B,6.759912,0.5666712,1.3807564849445091e-11,2.0272602222876856e-10
MARS,6.7446804,0.68871397,1.5336422760757083e-11,2.2475298654057256e-10
DYNLT1,6.730141,0.52232033,1.6949849690626287e-11,2.474741065425083e-10
THOC7,6.728872,0.5717749,1.7098346571414567e-11,2.4917905810475216e-10
TMEM59,6.724372,0.46412125,1.7635172308635735e-11,2.5652644163765497e-10
MEX3B,6.716179,1.5966135,1.865516228774881e-11,2.7036217669790945e-10
FAM175A,6.6889467,1.4013144,2.247823126738486e-11,3.2161476612988717e-10
C19orf10,6.644868,0.3993109,3.034894213287879e-11,4.287606842693577e-10
SYF2,6.6412907,0.7362238,3.109481454055962e-11,4.385094581976586e-10
TSC22D3,6.638175,2.0163274,3.175904084430819e-11,4.470739531040159e-10
TEX30,6.6149817,0.50887585,3.7159779270003015e-11,5.166195861342896e-10
VAMP2,6.541478,0.86345494,6.091378587423904e-11,8.321352835515611e-10
ILF3-AS1,6.5324774,0.8201653,6.469048387565629e-11,8.791414374451215e-10
PSPH,6.5226693,0.80809796,6.906698683924737e-11,9.33771396940255e-10
UXT,6.5175924,0.46818236,7.144489482300743e-11,9.626066017748258e-10
FCER1G,6.5152845,0.7508708,7.25520535877636e-11,9.741818477468086e-10
TARS,6.471436,0.4630029,9.707581583749881e-11,1.277270575215332e-09
RBM8A,6.3990865,0.28907272,1.563094278056406e-10,1.999691458327862e-09
ERV3-1,6.3866243,0.9868997,1.6958770907545228e-10,2.1625185954345417e-09
MAP1LC3B,6.380624,0.4986979,1.7636796703084774e-10,2.2380781599794978e-09
SERPINB1,6.3481994,0.7514508,2.1784986541396328e-10,2.7467266337506927e-09
B2M,6.346584,0.27378297,2.2014872248258935e-10,2.7668291441611833e-09
WDR83OS,6.2968507,0.27797717,3.037539431349871e-10,3.769332106359121e-09
C22orf39,6.2788496,0.38031414,3.4108728385557506e-10,4.199436700134078e-09
ATP2A3,6.2623487,2.1449041,3.792214966991073e-10,4.647090259861916e-09
RP11-301G19.1,6.246425,0.35761636,4.1995368219125995e-10,5.138218338960042e-09
TMEM50A,6.236501,0.45607907,4.4746539005863076e-10,5.4493653316442546e-09
UBE2B,6.2208085,0.67205286,4.946002092472653e-10,5.986262933185313e-09
WIPI1,6.2146926,1.9692917,5.142522287683969e-10,6.195477387999629e-09
COMMD6,6.1836524,0.5015685,6.263512733715343e-10,7.42079826897949e-09
SAP18,6.1818066,0.34254447,6.337223362225496e-10,7.496820709379709e-09
POLR3GL,6.1770754,0.5331984,6.529991287654734e-10,7.713245348049314e-09
MAP3K8,6.172229,1.069861,6.733389608453208e-10,7.917780744670651e-09
GPT2,6.171075,1.4516175,6.782721354067681e-10,7.951981527791288e-09
EIF3L,6.1703825,0.346394,6.812489462272877e-10,7.97497834965029e-09
SNRNP27,6.1576896,0.62241346,7.381376668337455e-10,8.628082400266476e-09
ARPC3,6.1121106,0.28379062,9.832200509325984e-10,1.1374364506738675e-08
GLTSCR2,6.1094565,0.3415736,9.997092662084712e-10,1.1539494123553702e-08
ESD,6.1073794,0.52246714,1.0128016703201109e-09,1.166503976593031e-08
NDUFA12,6.105764,0.34566873,1.0231000971435193e-09,1.1766400092331397e-08
PRSS8,6.0307603,3.026924,1.631899782001532e-09,1.8523949115060742e-08
PNISR,5.9698343,0.42397633,2.3749464704538162e-09,2.6498870064509556e-08
MTHFD1L,5.956449,0.9384628,2.5777745377684295e-09,2.8639913711698744e-08
SKP1,5.900254,0.33131248,3.6294252303892464e-09,3.9513962959121817e-08
RNASET2,5.894946,0.75071776,3.7480396652578395e-09,4.072040327883863e-08
UBC,5.8840995,0.3988464,4.002275227413487e-09,4.336258194666612e-08
SSR4,5.8675985,0.31123748,4.4215240857566715e-09,4.757681053920364e-08
HMGB2,5.8670216,0.45653173,4.4369309764000845e-09,4.767728155899133e-08
LY6E,5.8487897,0.35066745,4.951621945194649e-09,5.277474949729168e-08
IARS,5.8182116,0.46304518,5.94806426610416e-09,6.288296744313347e-08
LST1,5.810134,1.4049304,6.242282511505039e-09,6.572805513119581e-08
TMEM66,5.807134,0.44807863,6.3551296392507636e-09,6.673735737475233e-08
ASAH1,5.8004413,0.48559445,6.614062402748197e-09,6.917904150943688e-08
PRSS3,5.798595,2.3241038,6.687279400178676e-09,6.985183469202593e-08
GRN,5.796287,0.58030176,6.7799097968461054e-09,7.063155365281983e-08
LARS,5.7797866,0.4077874,7.479551172493684e-09,7.77141196560025e-08
C7orf50,5.766055,0.5730631,8.114859539837758e-09,8.387134432292841e-08
FNBP1,5.7544007,1.4492457,8.694976908656072e-09,8.939665394959874e-08
MEAF6,5.7529006,0.36342728,8.772513114802896e-09,9.007593531604802e-08
TALDO1,5.745054,0.3540981,9.189168816186124e-09,9.398557428534115e-08
PYCARD,5.741246,0.5854007,9.398241239449881e-09,9.599894009867206e-08
CD55,5.695782,0.63847566,1.2280752130351152e-08,1.2272939947062125e-07
MCTS1,5.6840124,0.59982705,1.3157068961033606e-08,1.3098704269824965e-07
PSAP,5.65528,0.42111975,1.5559217425792925e-08,1.5392651496171717e-07
DUSP23,5.637395,0.65764123,1.7264204550052324e-08,1.6972506475677223e-07
CAP1,5.6346254,0.3748079,1.7543927226092428e-08,1.7182986079919705e-07
SSR1,5.6027775,0.5588794,2.109437416175094e-08,2.0355811921443937e-07
UBE2D2,5.5701222,0.26087943,2.5456073860139425e-08,2.4414830301757653e-07
NAA38,5.5491214,0.389817,2.8710917335137792e-08,2.736944850333827e-07
IFT20,5.531005,0.7848349,3.1840148151150594e-08,3.0169404550939434e-07
CYBA,5.530774,0.30896536,3.188207044727288e-08,3.0172730525702226e-07
PYCR1,5.5278893,0.39457518,3.2410638352146174e-08,3.059922647308993e-07
SLC31A1,5.500657,0.78572464,3.783781976637236e-08,3.542503864896959e-07
CCND3,5.4832335,0.38884887,4.176217444106456e-08,3.8959843258261533e-07
CTNNBIP1,5.4812717,1.0282958,4.2227953687848035e-08,3.9347636562045825e-07
TPRKB,5.4805794,0.44963652,4.239354584101621e-08,3.945513063758084e-07
LINC01003,5.4785023,0.82107735,4.289410869524324e-08,3.9873754295992387e-07
TSPO,5.469502,0.42376477,4.5130227978460496e-08,4.1853357824180306e-07
VIM,5.46304,0.63371384,4.680491736200841e-08,4.335526248568114e-07
SLTM,5.4490776,0.473601,5.063168174640642e-08,4.6461665901638134e-07
NFU1,5.4457316,0.7171267,5.159293768754549e-08,4.7178408094955743e-07
DDIT4,5.434077,0.5325851,5.508079630867927e-08,5.030926220984601e-07
SMDT1,5.4214993,0.33429983,5.910118069517623e-08,5.373145536581126e-07
SLC1A5,5.420115,0.46510738,5.956078866556542e-08,5.408670462057993e-07
SEC63,5.40396,0.5006693,6.518544542058928e-08,5.898982416805632e-07
LMO4,5.3946133,0.5869548,6.867120903785892e-08,6.200141919452664e-07
GMFG,5.3534193,0.70183015,8.630760915427346e-08,7.695190350815188e-07
RNASEH2B,5.3245716,0.41405123,1.0119125797273495e-07,8.941027349559427e-07
HEPH,5.322033,1.0526923,1.0261396409162994e-07,9.056547055502845e-07
PHPT1,5.320533,0.2597048,1.0346373402718188e-07,9.121297764124733e-07
GDI2,5.3023014,0.43238845,1.1435194621975885e-07,1.001376296049282e-06
FAM129A,5.258453,4.497134,1.4527237944897805e-07,1.2539720226062885e-06
NAP1L1,5.2562604,0.27391106,1.470140227963067e-07,1.267612677349055e-06
FAM127B,5.250722,1.0705554,1.5150439258886985e-07,1.3006196762683855e-06
ISCU,5.249222,0.3384595,1.5274318230253805e-07,1.3098228133039698e-06
SUCLG1,5.205835,0.4065856,1.931262874629897e-07,1.6294382255873084e-06
COPS6,5.203181,0.40739888,1.9590596528895887e-07,1.6493476498872153e-06
LINC00662,5.1872573,1.2635708,2.1341404634302655e-07,1.7852687263306428e-06
DBI,5.183103,0.37926546,2.1822442611443512e-07,1.8196951880349128e-06
INHBE,5.1728334,2.4970677,2.3057073634607673e-07,1.9185732351678313e-06
CCDC115,5.149755,0.5729102,2.6082664953122064e-07,2.1543568160544038e-06
HOXB9,5.1398315,0.5091945,2.7498474563204513e-07,2.2617855255913243e-06
WASF2,5.1377544,0.41804847,2.780406129045306e-07,2.2835424109639503e-06
SESN2,5.1346393,0.88191354,2.82685990375939e-07,2.3178480734895625e-06
CHMP5,5.1265616,0.57773834,2.9508130186033584e-07,2.4044228486648735e-06
AP1S2,5.122177,1.2173469,3.0202830502839774e-07,2.4584791046612065e-06
SARS,5.1090226,0.42244247,3.2382992844284345e-07,2.625060978244103e-06
BTF3L4,5.106484,0.42310494,3.28208675838597e-07,2.657813555373381e-06
DRAM2,5.105676,0.73363304,3.296138609259252e-07,2.666443746213329e-06
PPIC,5.1048684,0.46851438,3.310248529897162e-07,2.672353772080391e-06
TWF2,5.094599,0.781179,3.494808598969156e-07,2.806924493343836e-06
C12orf57,5.0679436,0.3518496,4.021368036704886e-07,3.2166849214171975e-06
EPS15,5.060212,0.7732394,4.187898988037315e-07,3.343083999088731e-06
PPP1CA,5.0579047,0.2588872,4.23888602176792e-07,3.3735004762904772e-06
CELF2,5.052135,0.38056785,4.368987449320221e-07,3.4665046883242766e-06
C6orf1,5.0410576,0.7675974,4.6296628721231463e-07,3.6512050060770394e-06
RNF187,4.998363,0.55518156,5.781903641424462e-07,4.501174737699618e-06
AC007405.6,4.9961705,0.7970972,5.847990851885237e-07,4.539127286715271e-06
ERCC1,4.9931707,0.57982004,5.939607034777994e-07,4.596612143663167e-06
SPN,4.98717,0.6957867,6.127007712531613e-07,4.723027044350915e-06
TPM4,4.9801316,0.6506415,6.354110997899549e-07,4.883712513551953e-06
ARHGEF2,4.969746,1.1897007,6.70405659566502e-07,5.137596542336462e-06
C4orf27,4.9598227,0.7700871,7.055754069063166e-07,5.396586972978691e-06
MMP24-AS1,4.945745,0.8535889,7.585316317012099e-07,5.767924459838338e-06
ATF6,4.939514,0.70610523,7.831751270025253e-07,5.938070099039417e-06
TMEM60,4.9352446,1.0608366,8.005038083534026e-07,6.057762441826567e-06
ALG5,4.9135513,0.394279,8.944136360602853e-07,6.735972302256511e-06
RPA3,4.906743,0.3659996,9.260116390048627e-07,6.953940176274566e-06
NQO1,4.899012,0.7326363,9.63197558448512e-07,7.198779088118994e-06
SURF1,4.898666,0.56813043,9.648957866922777e-07,7.202001862687833e-06
PSMA5,4.8896656,0.32472903,1.0100752331514778e-06,7.5062828348201115e-06
MANF,4.88805,0.48942012,1.0183970425383523e-06,7.553832643190516e-06
POLR2G,4.87928,0.30656427,1.0647367254858285e-06,7.882664447399796e-06
TF,4.867164,1.9072052,1.1321091859950762e-06,8.365679826896824e-06
NUPR1,4.8652024,3.6168115,1.143395950379581e-06,8.441142096082338e-06
SLC2A4RG,4.864741,1.3960854,1.146067352449451e-06,8.452919299052053e-06
MSRB2,4.840509,0.99918693,1.2950691626183968e-06,9.498383074105983e-06
SERPING1,4.836009,1.1455187,1.324719988584923e-06,9.706786856655382e-06
ARPC1A,4.825855,0.37787512,1.3940422906070516e-06,1.0176767837098876e-05
PDCD2,4.817431,0.31747046,1.4541831887926746e-06,1.0547192011049363e-05
SERPINH1,4.809931,0.71063787,1.5098265088611085e-06,1.091047582990249e-05
EPRS,4.8013916,0.26937228,1.5756664581269178e-06,1.1344509650400494e-05
BHLHE40,4.798392,0.509996,1.599447984417252e-06,1.1484153489577253e-05
ITM2C,4.775544,0.8714591,1.7922178027739244e-06,1.274015460704903e-05
TSC22D1,4.7083874,0.428857,2.4968449544742578e-06,1.7279926975678676e-05
EIF3J,4.6910787,0.30446765,2.717684924852782e-06,1.8709390959437862e-05
TATDN1,4.6869245,0.96569896,2.7734111304357175e-06,1.905961892351055e-05
WDR18,4.679078,0.26468885,2.8816775769369297e-06,1.9769063202479986e-05
GLRX2,4.6591153,0.42856398,3.1757097273462363e-06,2.157889265424281e-05
ATP6V0E1,4.655654,0.32799256,3.2295421705491717e-06,2.1887880715844474e-05
TIMP1,4.646076,0.26833957,3.383077527455483e-06,2.282996046233919e-05
TP53I13,4.6443458,1.0156149,3.4115615918815468e-06,2.2982689797795497e-05
TUBA1A,4.638576,1.0461657,3.508178802458005e-06,2.3613320045679204e-05
NKIRAS2,4.6292295,0.76932293,3.670289751911198e-06,2.464113333441236e-05
RSF1,4.6286526,0.50866425,3.6805284616704503e-06,2.468877119250332e-05
GABARAPL2,4.628191,0.3276817,3.6887391390861968e-06,2.4722735441571735e-05
CKS2,4.6263447,0.46393344,3.721757790475181e-06,2.4901539560632492e-05
NIPSNAP3A,4.6219597,0.6458721,3.801316484811824e-06,2.5390596078398706e-05
SH3BGRL,4.6038437,0.43378407,4.147641143845553e-06,2.7563215892476158e-05
PPIE,4.5956507,0.2824772,4.31400606475087e-06,2.854803507886949e-05
CCDC50,4.588612,0.58062446,4.462028574551129e-06,2.9403720178774427e-05
TFRC,4.586766,0.34493434,4.501652431952514e-06,2.9639966347851635e-05
PTRHD1,4.5768423,0.40626186,4.720472539036979e-06,3.10027690586417e-05
BBC3,4.566342,0.80554754,4.963095588844193e-06,3.2514692118741565e-05
RP4-792G4.2,4.5467253,0.9355358,5.448703241008438e-06,3.5400797318545314e-05
MRPL48,4.539456,0.32589108,5.63996189301009e-06,3.661314104925145e-05
LINC00493,4.5353017,0.37185732,5.7521205861288476e-06,3.731041057311486e-05
TMEM230,4.527917,0.3424315,5.95680535098486e-06,3.8510869162128455e-05
ERN1,4.5193777,2.1593287,6.202162888333856e-06,3.99983493332204e-05
CARS,4.4980307,0.7212191,6.858582661736812e-06,4.401484216335185e-05
SNX10,4.4912224,1.2418221,7.08154992439983e-06,4.537159433618325e-05
LONP1,4.4800296,0.5210609,7.463264962687323e-06,4.758437198206893e-05
OCIAD1,4.4742603,0.30910078,7.667632590770514e-06,4.875548941190868e-05
ESYT1,4.474145,0.8390588,7.671774018220132e-06,4.875548941190868e-05
DNAJB9,4.4518743,0.9386866,8.512392668863836e-06,5.366359904809424e-05
MRPL1,4.450259,0.6217712,8.576678955685618e-06,5.402551178581437e-05
MAD1L1,4.44899,0.6377475,8.627514844866676e-06,5.430218678399658e-05
C10orf54,4.447028,3.230506,8.706646209291888e-06,5.466882971541789e-05
ROGDI,4.434797,1.3728244,9.215921588415127e-06,5.7728121273525375e-05
MAGED2,4.4337583,1.2626122,9.260448853788375e-06,5.789959241602172e-05
CD53,4.433066,1.0583578,9.290247808125901e-06,5.796258660272356e-05
RPS27L,4.4287963,0.467041,9.47604231590492e-06,5.898123010414672e-05
CBS,4.4287963,0.3340375,9.47604231590492e-06,5.898123010414672e-05
TAX1BP1,4.400064,0.4245895,1.0821885167223778e-05,6.670676232121942e-05
XPOT,4.3960257,0.45943487,1.1025096332947023e-05,6.765791538695224e-05
ECI1,4.386102,0.4172341,1.1540003349273588e-05,7.043257677431549e-05
FAM177A1,4.3652163,0.519215,1.2699701248645047e-05,7.703177861629872e-05
DLD,4.3623314,0.37990582,1.2868364655457076e-05,7.799460213627727e-05
TUBB2B,4.35737,1.159856,1.3163476416071652e-05,7.94574619132507e-05
CREG1,4.3494077,0.3397671,1.365056272262281e-05,8.216488136873729e-05
PSMD6,4.3436384,0.33862796,1.4014215981757581e-05,8.420453373859367e-05
SFT2D1,4.3123674,0.3534361,1.6151563590735982e-05,9.529788394878951e-05
HSD17B11,4.311906,0.61374354,1.6185324960656276e-05,9.537563958436239e-05
RNF5,4.2951746,0.27338114,1.7455606074898864e-05,0.00010247667094045634
RPAIN,4.28202,0.33789214,1.852044157935639e-05,0.00010824261056982473
WRB,4.2789044,0.49094382,1.878155382339606e-05,0.00010949970035453652
ISG15,4.270942,0.4909219,1.9464865876416573e-05,0.00011292209856665598
CCND2,4.255942,0.51394063,2.081709664886688e-05,0.00011996940145036633
PIN4,4.2468257,0.35649627,2.1682036118907913e-05,0.00012486245873462
ATF6B,4.24521,0.47496432,2.1838842026517898e-05,0.00012558133537210695
C19orf60,4.227671,0.39437973,2.361226577840531e-05,0.0001348904346831809
EAPP,4.179669,0.44649386,2.9193412164561605e-05,0.00016344565399332246
NDFIP1,4.166168,0.63895684,3.097624591030724e-05,0.0001726887236518548
STRADB,4.1594753,1.0579542,3.189794224667884e-05,0.00017757500804228368
NDUFB5,4.1450515,0.2673898,3.3973723941333355e-05,0.0001875359111448865
PGD,4.13132,0.4364201,3.606858734931281e-05,0.00019812500253765884
TMEM261,4.1233582,0.46005803,3.7338837487523755e-05,0.00020453038247175668
CTSS,4.097511,1.092124,4.176167715500122e-05,0.00022685890321752047
SF3B14,4.094395,0.25305706,4.232717830772614e-05,0.00022961324972872157
SLC3A2,4.0939336,0.28507233,4.2411571590140485e-05,0.00022991228077332885
COMMD3,4.0930104,0.38368103,4.258083730011854e-05,0.00023067067378788352
GYPA,4.092549,0.26300195,4.26657102958651e-05,0.00023081208978927023
HLA-C,4.080779,0.6433839,4.488498645867121e-05,0.00024127678319443315
CEP57,4.072125,0.4220413,4.658618930246543e-05,0.0002497846532224341
SEC61G,4.0583935,0.27814373,4.9411472769217694e-05,0.0002627807167245802
IGBP1,4.049047,0.47543558,5.1426658060089024e-05,0.0002725751680580292
SNAPC5,4.0416617,0.51302564,5.3073733793027736e-05,0.0002803592326457517
AGA,4.0320845,1.3858978,5.5284316068929114e-05,0.0002908628953258126
CBX5,4.0286226,0.3866488,5.610457045336236e-05,0.00029458649793526827
PLD3,4.010968,0.389922,6.047030574551659e-05,0.0003156107984259354
HINT2,4.0105066,0.3765581,6.058864700404421e-05,0.000315808773866468
CLNS1A,4.002198,0.27816316,6.275665528119794e-05,0.0003251672343230935
RPL39L,3.9876592,0.7057562,6.672843802780394e-05,0.00034325597950779306
HOTAIRM1,3.9860437,0.9758626,6.718414560428304e-05,0.0003451481123097732
XXbac-BPG299F13.17,3.9796972,1.8156581,6.90030945337611e-05,0.00035379850363100095
VIMP,3.9780817,0.44115114,6.947348478178584e-05,0.00035597796670641083
OS9,3.9734662,0.47822943,7.083423009409899e-05,0.0003624774445531906
DAZAP2,3.9718506,0.50304943,7.131641902856001e-05,0.0003644095871953447
CEBPG,3.9616964,0.41187817,7.441915201353965e-05,0.00037909366995223995
SRP19,3.9548883,0.39347154,7.657041686992003e-05,0.00038929490259755463
DPY30,3.9526958,0.26945394,7.727562322654121e-05,0.0003921188762561248
N4BP2L2,3.9502728,0.45997432,7.80622048460734e-05,0.0003955991090747784
RAB27A,3.9491189,0.58303124,7.843942244669842e-05,0.0003969984944064537
MAX,3.9417338,0.5105774,8.089472771009744e-05,0.00040837280601723353
GPAA1,3.940926,0.49127436,8.116764102590318e-05,0.00040948736047428995
BLVRA,3.940003,0.6256097,8.148060756920611e-05,0.0004107364308432247
ACTR3,3.9389644,0.32519633,8.183405821637542e-05,0.0004117914973027732
SEPT9,3.936772,0.66632336,8.258499638044506e-05,0.00041530419114493985
SNRPB2,3.9282331,0.40310475,8.557223676430663e-05,0.0004297761635445196
GRINA,3.9239638,0.5939738,8.710386858964553e-05,0.00043690989002022075
AHCYL1,3.921425,0.5387782,8.802680944940368e-05,0.00044125755470648747
LYPLAL1,3.9191172,0.40058896,8.887385699687132e-05,0.0004449357212940881
CNIH4,3.9155402,0.39662954,9.020201341360462e-05,0.0004507231649897355
FLOT1,3.9117324,0.46387154,9.163644844979007e-05,0.0004575996837718379
IRF2BP2,3.9070013,0.6117544,9.344864590965007e-05,0.0004660565800763818
GYPE,3.904232,0.77466255,9.452509419111507e-05,0.0004711260246644726
TMED10,3.8816154,0.414811,0.00010376487450385372,0.0005129471927172882
CIZ1,3.8772306,0.34592566,0.00010565220831894934,0.0005216204251070692
RNF24,3.876769,0.65633494,0.00010585274860870517,0.0005219543881490139
SAT1,3.8675377,0.69182,0.00010993978232233105,0.0005399909930360792
RP11-332H18.4,3.8633838,1.6094146,0.00011182711514370142,0.0005479737925475824
TCTEX1D2,3.8469985,0.97476774,0.00011957377941112156,0.0005826625541404217
NSMCE1,3.838344,0.442889,0.00012386683751779582,0.0006024606865029636
DNAJC3-AS1,3.8381133,1.6521488,0.00012398328403030048,0.0006026538960755014
SSBP2,3.824728,0.9894097,0.0001309165395058941,0.0006320525001959424
C7orf13,3.798419,0.5739114,0.0001456219968349009,0.0006969508687214744
SMIM19,3.7944958,0.6387308,0.00014794382312081615,0.0007059133352238138
STK40,3.791611,0.5943224,0.00014967323744754783,0.0007129674227716727
SSR3,3.7878032,0.27403158,0.00015198521941061299,0.0007226657981055478
FGD5-AS1,3.7823799,0.49293387,0.00015533613835416228,0.0007372600403455859
NMI,3.7740717,0.46264407,0.00016060460209926813,0.0007604274559914112
GUSB,3.7631097,0.4008145,0.00016781363381237113,0.0007883828310981909
RAB32,3.750878,0.53003883,0.00017621629595152325,0.0008219590289187738
TSC22D4,3.750186,0.5483594,0.00017670355651892757,0.0008232541141495706
DSTN,3.7332234,0.34517878,0.00018904472602342682,0.0008765916900318877
ACTR2,3.7234154,0.3266249,0.00019654582466851719,0.0009092270039877518
AKR7A2,3.7088761,0.3558864,0.00020818125205304471,0.0009585367730812815
SDCBP,3.70853,0.40897438,0.0002084660152094596,0.0009592856177330434
TXNDC12,3.6972218,0.26177433,0.00021797198308536153,0.0009963526549327244
BRI3,3.6852212,0.74668705,0.00022850419349838908,0.0010399191424854265
SLC7A11,3.652912,0.6889455,0.0002592833124587881,0.0011684856106504765
ZFAND3,3.6525657,0.8658746,0.00025963321225373363,0.0011687214224946005
DNAJC19,3.6522195,0.25315845,0.00025998355474609615,0.0011696281915982733
TADA3,3.6417189,0.3558037,0.0002708236642025016,0.0012121480810886895
FAM118A,3.6404495,0.45287672,0.0002721623360067983,0.0012174459848140094
XIST,3.6277566,0.41115415,0.00028589446959123723,0.001274518194460368
PCGF5,3.6159868,0.5381183,0.00029920551710499585,0.0013248361538104522
TBC1D7,3.6141407,0.53380036,0.0003013454546544203,0.0013335597444002656
KMT2E,3.6111405,0.32253796,0.0003048534485810567,0.0013468075582700788
AGPAT2,3.6014478,0.4078997,0.0003164500775532875,0.0013902211181102198
BNIP3L,3.6005247,0.33554053,0.0003175757950230956,0.0013943867355541732
FAM19A2,3.5821776,0.8751279,0.0003407421058293578,0.0014844865453630647
PPM1N,3.5739849,0.57639956,0.00035158933534291156,0.0015266634765719017
GBAS,3.572831,0.3212337,0.0003531428084229931,0.0015308701766901824
COPB1,3.563138,0.71884453,0.0003664477460077635,0.0015806957962059209
ZDHHC12,3.5557532,0.4504392,0.0003768978533307956,0.00162309903394375
FOPNL,3.5458295,0.47268718,0.00039137924578745573,0.0016781026068015637
USP22,3.5431757,0.7413325,0.0003953393786546999,0.0016886301355805698
DNASE2,3.5425987,1.0076491,0.0003962052168354959,0.0016914086838276197
PMPCB,3.5372906,0.38332573,0.0004042544760662901,0.0017238973450058137
HSPB11,3.5255208,0.3603941,0.00042265087393997654,0.0017906810220056717
RHOBTB3,3.5219438,0.29064298,0.0004283950001117282,0.00181111018615588
PPP1R11,3.5174437,0.3926733,0.0004357250239586754,0.0018371551600619405
KDELR2,3.4990964,0.26662648,0.0004668376208832531,0.0019495000063997625
IRF1,3.4979427,1.6854839,0.0004688620656951263,0.001955682197885157
COPZ1,3.4973657,0.27356157,0.0004698773566111695,0.0019580300457192235
GNPAT,3.4937885,0.5758247,0.00047621808004004587,0.0019823492415021516
GFPT1,3.4840958,1.2914151,0.0004938028144737804,0.002045791723466005
OGT,3.4539788,0.9487123,0.0005523806682607769,0.0022693253918349386
ZCRB1,3.4492478,0.38283408,0.0005621504495914371,0.0023070489976701873
SRD5A3,3.4437091,0.5162599,0.000573792658080713,0.0023486927197623768
WSB1,3.4282467,0.47030413,0.0006074928782746984,0.002473746272082818
SMIM10,3.4273236,1.2957883,0.0006095619814719747,0.002480885681068581
GLUL,3.4112844,0.3062891,0.0006465760331861421,0.002620668080844761
SLU7,3.4094381,0.46380976,0.0006509682642511947,0.002635750368913987
TIMM17B,3.3696284,0.26840824,0.0007526957896634704,0.0030058085550617995
AC007246.3,3.3637435,1.4886962,0.0007689293742184196,0.003061297635319658
ATP6AP1,3.3450503,0.5282065,0.0008226762316614762,0.003245386977446818
FRG1B,3.3434348,0.69482094,0.0008274809969999213,0.003259710747961074
LINC00938,3.3429735,1.0960102,0.0008288585609958156,0.0032635007501865317
C8orf59,3.3398578,0.4482128,0.0008382129077949087,0.0032970267354677056
UBE2A,3.3388193,0.28447527,0.0008413527207822774,0.0033077205314037982
B3GAT3,3.3351269,0.39467463,0.0008526050627393926,0.0033469329174502394
KDM6B,3.3255494,1.3918623,0.0008824445446850974,0.003455434645314776
TMEM9,3.3249724,0.31230974,0.0008842726628462313,0.003460867845868035
ATRAID,3.3216262,0.25207204,0.0008949451656409254,0.003493933536833732
ANXA11,3.3074331,0.3634088,0.0009415518524638637,0.0036432954685239652
C12orf76,3.3014328,0.96653634,0.0009619236025578023,0.003712977836900018
MRPL33,3.2947402,0.32292747,0.0009851271071709424,0.0037895070650478713
DECR1,3.2847013,0.3095855,0.00102090561536992,0.003911811516454011
ABRACL,3.2776625,0.3290328,0.0010467048837577465,0.003990891887305807
ALDH1L2,3.2702775,2.172841,0.0010744204666418157,0.004083005692051989
RP11-475N22.4,3.2637002,1.0123953,0.0010996746025993531,0.004170904878521448
NINJ1,3.2610462,0.9365146,0.001110019431690386,0.00420202536671228
BTG2,3.2608154,0.5617652,0.0011109232214476957,0.0042034209559111985
RPN1,3.253892,0.25205472,0.001138355388870996,0.00429274199691871
WEE1,3.2403913,0.7943755,0.0011936574995185176,0.004484064877435656
RAB6A,3.232891,0.57485884,0.00122544317362679,0.004579379699732843
CCNB1IP1,3.2231982,0.2917515,0.0012676780771210228,0.004719247059614045
FXR1,3.2188134,0.4064895,0.0012872223792484148,0.0047848633623387175
TMED4,3.2156978,0.40633905,0.0013012777292842762,0.004826032371826246
JPX,3.213967,0.41528946,0.001309147326925847,0.004848350897219486
TM2D3,3.2123516,0.43032578,0.0013165318877191566,0.00487110597175411
ATXN10,3.2093513,0.30206043,0.001330348142955935,0.00491527970974547
MKRN1,3.202197,0.41485518,0.0013638362083702817,0.005020118751990892
RP11-169K16.9,3.1889272,0.8974469,0.001428018030727011,0.005229408685949032
DRG1,3.185581,0.2791249,0.0014446368371427121,0.005282878191692739
ATG10,3.1825807,0.7036373,0.0014596878261189782,0.005320579059937157
MR1,3.171734,1.0247225,0.001515316782390451,0.0055054640729310786
ATP6V1E1,3.1712725,0.26751944,0.0015177267348128335,0.005511670597297646
PSMG2,3.1494637,0.37717316,0.0016357038788802037,0.005885686655338524
S100A13,3.1406941,0.42861697,0.0016854797475612257,0.006042648752667014
SDSL,3.1295013,1.015943,0.0017510333118455847,0.0062576736417411585
YWHAZ,3.1253471,0.2897847,0.0017759531292879818,0.006332324934433543
CTSH,3.110462,0.2716018,0.0018679503044378965,0.006627258193929394
AMZ2,3.1058462,0.43661618,0.0018973535668220037,0.006725501925716083
HSF1,3.104923,0.34831652,0.001903284989688972,0.006743483804243064
HPCAL1,3.1044614,0.69671947,0.0019062570828299688,0.006750969064756269
TNFSF10,3.098692,1.3887719,0.0019437696096448404,0.006877617244937036
GGA1,3.0840375,0.5696033,0.0020421188589647,0.0072028934158813295
MUS81,3.0820758,0.6703307,0.002055624734795284,0.0072403374280048055
ACSM3,3.0801141,0.97391516,0.002069212513246123,0.007282107657503718
SEL1L,3.0768833,1.2241706,0.002091772103403216,0.007358204152365546
COX16,3.0621133,0.40505797,0.002197802544518127,0.007693288318712071
VEGFA,3.053459,1.223016,0.002262196214294718,0.007887062256229477
RFC1,3.0406506,0.35705927,0.0023606753233228377,0.008172368737197396
CLU,3.030381,0.327012,0.0024424545750522646,0.008418376782376278
STX5,3.0301502,0.729383,0.0024443217410310514,0.008421117226227591
PFDN4,3.0225344,0.5300629,0.0025066758692311813,0.008617041117203907
CLIC4,3.0190728,0.8114076,0.0025354968503262174,0.008700885871259258
SMIM14,3.011457,1.7535441,0.002599972819613262,0.00890657937115664
STRBP,3.0059183,0.3580565,0.0026478022002832946,0.009062012242351822
TUG1,3.0058029,0.7869342,0.002648807143022251,0.009062012242351822
RCN1,2.9950714,1.1306887,0.002743805117080852,0.009338210222993974
MAFG,2.9946098,0.38773546,0.0027479600163529726,0.009348300532027978
EIF3J-AS1,2.9861865,1.1403552,0.0028248035613437092,0.00957653516372673
DSCR8,2.9858403,0.4583027,0.0028280030904972524,0.009583246020645348
PIGT,2.981917,0.32579082,0.0028644964003518647,0.009690189157951721
APMAP,2.9785707,0.5351032,0.0028959622257540467,0.009767189043923588
PMP22,2.9485693,0.95516425,0.003192486567345192,0.010616842500633567
BLOC1S6,2.9409535,0.5611992,0.0032720371359861934,0.010830953098681649
C1orf63,2.9382994,0.41962868,0.0033001808453904657,0.010914913911807204
RSU1,2.9320683,0.48232943,0.0033671259717793552,0.01111760172691334
TRPT1,2.9304528,0.39268336,0.0033846827990155837,0.011166183698558341
TIPRL,2.910721,0.45850384,0.0036059565434424356,0.011816766228093589
WAS,2.8979127,0.498306,0.0037565496617066284,0.012208397845554641
SCCPDH,2.8927202,0.26652184,0.0038192126530886073,0.012376202718651407
SYCP2,2.878758,0.3117004,0.003992445051806533,0.01289500653040309
NSA2,2.8776042,0.32652268,0.004007076182817274,0.012926317624652852
GANAB,2.8762195,0.26728693,0.004024697787802594,0.012967186678912787
SLC7A1,2.8747194,0.58474255,0.004043867222552772,0.013018269275881978
SH3GLB1,2.8736808,0.41034055,0.004057186879961886,0.013050451655241858
SPDYC,2.860757,0.5767009,0.004226306439583954,0.013533484338741117
TATDN3,2.8593724,0.48458928,0.004244800527108112,0.013581632643761395
MDM4,2.853603,0.5978059,0.00432265186944906,0.013808227098219751
NFE2L2,2.8489873,0.33735722,0.004385862532443941,0.013981716798842192
GYG1,2.8489873,0.45673576,0.004385862532443941,0.013981716798842192
CCNDBP1,2.8404484,0.47614214,0.004505015237981963,0.014315086850464532
ITGB3BP,2.8360636,0.6778136,0.004567334612802051,0.01447797150264734
PRRC2A,2.8232553,0.29459667,0.0047538700063322736,0.014984610312897275
PIM2,2.8201396,0.28325453,0.0048002737642902985,0.015112685538477071
TMEM164,2.8191013,0.8947518,0.004815832530707718,0.015155594763104617
KAT8,2.817255,0.5914072,0.004843605271058687,0.015230792395582862
PPP1R16B,2.815755,1.6052706,0.004866277236047707,0.01528310870316994
BLOC1S2,2.7917538,0.3305909,0.005242323737706626,0.016269637676683345
EFCAB2,2.7889843,0.6581547,0.005287361689576492,0.016351270106938327
CAMTA1,2.788638,0.25468427,0.005293015938991424,0.016362314128601983
COTL1,2.7878304,1.8966528,0.005306230432560548,0.016390263487126664
PDZD11,2.7833302,0.46818835,0.005380401016710142,0.016580247150356282
ACYP2,2.7734067,0.60334283,0.005547274920170573,0.016994479133361877
PTRF,2.7660217,0.6937679,0.005674476001399465,0.017350334367844607
SLC1A4,2.758983,1.4650338,0.005798157208686273,0.017692817799921445
CNOT7,2.758752,0.29974648,0.005802253170286141,0.017692817799921445
KSR1,2.7506747,0.78332597,0.005947265579683083,0.01809286255941542
ARL2BP,2.732097,0.71636945,0.006293262226648802,0.019064240181383085
YIPF4,2.726789,0.3334421,0.0063953924580545645,0.019298531860584812
RP11-620J15.3,2.7257504,0.68215746,0.006415548030586106,0.019330314453492085
MCM5,2.7245965,0.37927318,0.006438010128329581,0.01938312363282057
FANCL,2.7228658,0.7297785,0.006471835954213211,0.01947003884348708
ICA1,2.7077496,0.852363,0.006774111631707343,0.020278447738971486
AGTRAP,2.70048,0.33313274,0.0069239503485062194,0.02064762783445705
MGST3,2.696903,0.25000024,0.006998767867285415,0.020831876315849537
PTPRCAP,2.696903,0.71018153,0.006998767867285415,0.020831876315849537
ZNF595,2.688364,0.34429905,0.007180307845668736,0.021315690902391507
PSMD5-AS1,2.6813252,0.29193142,0.0073331217200077285,0.02173577462959893
TPT1-AS1,2.676825,1.3246549,0.007432345178555134,0.02200568088109709
WDR1,2.673017,0.4031993,0.007517242222458705,0.02220682123257357
CNN2,2.6719785,0.55149883,0.007540546379815062,0.02226729015543132
HNRNPLL,2.671517,0.69678676,0.007550924559819924,0.022289557466135097
SND1,2.6710556,0.32563838,0.007561315544729219,0.022303467369075482
SMARCB1,2.66794,0.26061088,0.007631790658594836,0.02247758366076582
RP11-792A8.4,2.65467,0.78321314,0.007938602275821948,0.023250455211253317
RNF114,2.649939,0.2871936,0.008050630103438794,0.023543447305477187
TMBIM4-1,2.6482081,0.3772968,0.008091968209849401,0.02363793614294052
SIL1,2.647285,0.6039216,0.00811409280652583,0.023693754273331005
PDCD4,2.6415155,0.7187724,0.008253602506299043,0.02403857904596922
RAB28,2.6395538,0.62241477,0.008301522449810332,0.024151281053059317
HLA-A,2.6238608,0.4630522,0.008693930858344377,0.025106921651579073
COPA,2.6238608,0.52459097,0.008693930858344377,0.025106921651579073
PIGK,2.6176298,0.5220284,0.008854282619848516,0.02550363257578166
BTK,2.6172836,0.45210424,0.008863268027854296,0.02551153182806724
WBP4,2.6087446,0.42983472,0.009087502143493194,0.026051945013554394
NCSTN,2.6059754,0.5777188,0.009161306803814306,0.026225242326516535
TPM1,2.605283,0.5982437,0.009179841366518605,0.026268005939149946
KATNB1,2.600321,0.64324844,0.009313654724719754,0.02660318467733588
ADM2,2.6000905,1.4234024,0.00931992074464866,0.026611405833956825
ACTR10,2.599629,0.5331334,0.009332464069601705,0.026637538250988878
TNFAIP8,2.5992827,0.59140193,0.009341881445349922,0.026645054013516207
FMNL1,2.5856667,1.1822643,0.009719089045143486,0.02761064898719786
ZSCAN16-AS1,2.5726275,0.51693815,0.010092977441995818,0.02848736536359222
TYROBP,2.5726275,1.5513868,0.010092977441995818,0.02848736536359222
SMAP2,2.5673196,0.30436242,0.010248812055875405,0.02881332093733046
RP11-499F3.2,2.5635116,1.4082222,0.010361922144105964,0.029089670636866457
FBXO25,2.5487416,0.96802044,0.010811234362097431,0.030210688692378276
MTHFR,2.5462031,0.77826214,0.010890180462682402,0.03040965785082484
TAPBP,2.5443568,0.5530014,0.01094791719838521,0.03052747234409508
FAM219B,2.5385873,0.6120406,0.011130101639792616,0.030936641323627386
FADS1,2.5362794,0.2881737,0.011203726186289398,0.03109726826618488
UBE2J1,2.5330486,0.39802906,0.011307527136377813,0.03135214460156997
CDKN2AIPNL,2.5285485,0.36195174,0.011453529808958909,0.03172261372051285
GTPBP2,2.5242789,0.9941353,0.011593589435439177,0.03203223532021623
CLN5,2.5157402,0.6521707,0.011878275385176175,0.032726711031413135
YPEL5,2.4963546,0.62848383,0.012547713972738482,0.03423490561162236
RNF41,2.4913926,0.6969106,0.012724339524336525,0.0346806686202857
PLEC,2.4872386,0.96886885,0.012873900721344249,0.03500328493117309
PABPC1L,2.4850461,1.4085323,0.012953461173912629,0.035158755190422844
MT1F,2.4653144,1.4198371,0.013689304377315184,0.03685040640295092
DNAJB11,2.462776,0.25839746,0.013786605809157535,0.03703617942234352
FEZ2,2.4603527,0.44693658,0.013880053658368977,0.03724899948291367
CDK2AP2,2.4545832,0.3401721,0.014104802808728953,0.037787594155036124
LSM6,2.45216,0.39766636,0.014200151140843852,0.03800415237183252
DNAJC4,2.448352,0.5064466,0.01435113342102112,0.03835595543454267
PPP1R7,2.4466212,0.26697224,0.014420228571394335,0.038514415310541485
SCFD1,2.445698,0.2741632,0.014457199147180749,0.03857381090390787
RAB4A,2.4417748,0.31231132,0.01461525823438275,0.03888985549833215
PAXIP1-AS1,2.4398131,0.27333644,0.014694857559184597,0.03904801454029562
ANKRD11,2.4396977,0.2502478,0.014699551749924142,0.03904801454029562
GLG1,2.4393516,0.71835905,0.014713642253479731,0.03907223120388211
HIRA,2.4387748,0.34929603,0.01473715288244396,0.039107498238373166
ACSL3,2.4387748,0.27306834,0.01473715288244396,0.039107498238373166
ACAA1,2.4298897,0.4161558,0.01510342050846135,0.03990493376857178
ANXA5,2.4295435,0.2962197,0.01511785153135955,0.03992963139839585
ZNF33B,2.4195044,0.7755032,0.015541667585863974,0.040843024050505695
SLC27A2,2.4188123,0.7063302,0.015571277973796307,0.04090715333918729
CNTRL,2.3990805,0.5498784,0.016436303968521474,0.04286426549559634
MUM1,2.3926187,0.40976727,0.0167286218240533,0.043539868929071794
RNF10,2.3822334,0.3543925,0.01720798502392415,0.04450731720873368
UNK,2.3740408,0.73775196,0.01759460960010479,0.04534306378242228
BAG6,2.3559244,0.26415837,0.01847667529001651,0.047321253473452785
TMCO3,2.3335388,0.55991757,0.019619888525886992,0.04976242310973275
SLC4A1AP,-2.335039,-0.25927523,0.019541394147707423,0.04959536382237215
TOP3B,-2.335039,-0.5635683,0.019541394147707423,0.04959536382237215
CTDSP1,-2.3361926,-0.26164553,0.019481200663140765,0.049490566367713686
PANK3,-2.336308,-0.43211195,0.019475190233182584,0.049490566367713686
RP9,-2.3390775,-0.37266532,0.019331425129687413,0.049157767689768414
SNW1,-2.3390775,-0.27196142,0.019331425129687413,0.049157767689768414
NUP107,-2.3403468,-0.33219662,0.019265843314892638,0.04902274027809578
BIRC2,-2.3405776,-0.34998795,0.019253940262044855,0.04900832817834165
KIF1B,-2.3440392,-0.40553766,0.019076164219762548,0.04857156238127547
TMF1,-2.3441546,-0.3192524,0.01907026314785369,0.04857156238127547
TSPAN14,-2.34427,-0.8188479,0.01906436367192635,0.04857156238127547
METTL18,-2.345424,-0.6624646,0.01900545661397754,0.04847008496843947
KIAA0947,-2.346347,-0.29132316,0.018958445615781035,0.04836589487234817
PPP2R2A,-2.3464625,-0.28396466,0.018952576396471407,0.04836589487234817
ZNF622,-2.347501,-0.2799617,0.018899824882269205,0.04824768425421664
ABHD11,-2.3479626,-0.84831214,0.01887642100992069,0.048203604367011384
ADO,-2.3479626,-0.56662893,0.01887642100992069,0.048203604367011384
THADA,-2.348078,-0.98214024,0.0188705740036041,0.048203604367011384
CENPA,-2.349578,-0.3380017,0.018794706938156595,0.048073078150185626
ZNF600,-2.352232,-1.2298948,0.018661133997625957,0.04774697314376283
PRKAA1,-2.3530397,-0.2921586,0.018620646555544497,0.04765890475523037
C1orf85,-2.3556936,-0.5409051,0.018488157033757585,0.047335226043078826
HDHD1,-2.3568475,-0.4645958,0.018430810696723386,0.04721918396045734
SRFBP1,-2.3571937,-0.44217166,0.01841363718183101,0.047190577508411935
MED24,-2.3577707,-0.31569368,0.01838504578068653,0.047132681007602054
ZNF507,-2.357886,-0.97126,0.01837933216588565,0.047132681007602054
CCDC127,-2.3591554,-0.40124944,0.018316584912796755,0.04698784274657692
OSGIN2,-2.3593862,-0.41799423,0.018305196491611983,0.046973968781970646
PPP1CB,-2.3613477,-0.28553182,0.018208644929575184,0.046741472523468316
CDC73,-2.3622708,-0.31243452,0.0181633633992564,0.046655729071667436
MNX1-AS1,-2.3625016,-0.45296833,0.01815205843549347,0.04664194275786758
PPP2R1B,-2.363194,-0.4859186,0.018118180505231264,0.046570126920350646
DPH3,-2.3634248,-0.25289762,0.01810690017296461,0.04655636689317087
KAT6A,-2.3634248,-0.30910897,0.01810690017296461,0.04655636689317087
COPB2,-2.364348,-0.2670737,0.01806184032621392,0.04647093212001649
FOXG1,-2.3671174,-1.1562936,0.01792724952003135,0.046139759167708475
MAPK6,-2.3709252,-0.2927496,0.017743622112583138,0.04569709891617723
CDCA3,-2.3721945,-0.39105514,0.0176827803285264,0.04555534256496388
IPP,-2.3751945,-0.8406735,0.01753969880161501,0.04521638795099636
RAB30,-2.3755407,-0.6490644,0.017523254884120324,0.04518882702388875
CIRH1A,-2.376233,-0.30262992,0.01749040759094915,0.04511893321080643
UTP3,-2.3770409,-0.3907264,0.017452153987238987,0.04503504256562492
NUP93,-2.3798103,-0.32940474,0.017321555128322653,0.04471272281727718
RPL17,-2.380964,-0.27383852,0.01726739240097886,0.0445875632181752
KEL,-2.3810794,-0.5899657,0.01726198430693356,0.0445875632181752
EMD,-2.3813102,-0.30047372,0.01725117257557377,0.0445749870332671
LGR4,-2.3814256,-0.95328695,0.017245768937587,0.0445749870332671
PGBD1,-2.3816564,-0.6263014,0.0172349661153193,0.044562428846554675
ANAPC4,-2.3825796,-0.54044104,0.017191814159729066,0.04448013841392352
IPO11,-2.3839643,-0.28805542,0.017127263931463445,0.04434233954569722
ZNF771,-2.3840797,-0.51332706,0.017121894356212964,0.04434233954569722
RAD17,-2.3860414,-0.29776397,0.01703083727966306,0.04412177665954925
TRMT11,-2.3861568,-0.35555783,0.017025494238612788,0.04412177665954925
RFT1,-2.3868492,-0.37026522,0.016993466870521595,0.0440540205504776
CHRNA5,-2.3875413,-1.0566486,0.016961492384455632,0.04398564631228095
BUB1B,-2.3878875,-0.6574928,0.0169455249496748,0.04395875114917291
DUS3L,-2.3888106,-0.37119356,0.016903009600759085,0.04387744230468031
FANCM,-2.3891568,-0.43040892,0.01688709049822177,0.043850610202820495
GALK1,-2.3893876,-0.38279304,0.016876485075172795,0.0438375629184796
PFKM,-2.3897338,-0.6599133,0.01686058790191419,0.04381075685396492
FABP5,-2.39008,-0.27523035,0.016844703874257957,0.04378396721783463
TRAF5,-2.3914647,-0.6878594,0.01678129904035286,0.04364731703407005
R3HCC1,-2.3919263,-0.2797458,0.01676021070464921,0.04360763666280874
ANKRD26,-2.392734,-0.41856995,0.016723362095716534,0.043539868929071794
MANBAL,-2.393657,-0.3185736,0.01668133651330872,0.043445589626007954
RBM12,-2.394234,-0.38846934,0.01665511763914226,0.043391691229009106
ORC1,-2.395388,-0.4194523,0.016602788427441225,0.04326970905691799
AUNIP,-2.4005804,-0.42218077,0.016369089676624284,0.042731538521064726
SLK,-2.4009266,-0.4174763,0.016353613023370003,0.042705329221599524
GTF3C5,-2.4018497,-0.30782276,0.01631240478432602,0.042611885460884895
POLD1,-2.402196,-0.3764935,0.016296975233124126,0.04258574200139388
TOR1AIP1,-2.4026575,-0.37067577,0.016276422447329443,0.04254618912604751
INTS5,-2.4056578,-0.512733,0.01614338366656021,0.042254674675385025
ACBD3,-2.4058886,-0.33446607,0.016133189614749237,0.04224206814128509
ZNF3,-2.4063501,-0.62350297,0.016112818484023496,0.042202797329778115
GOSR2,-2.407273,-0.37921718,0.016072144041426144,0.04211030401781266
TRAPPC12,-2.4099271,-0.5049916,0.015955707366814318,0.04181917963507723
PODXL2,-2.4120042,-0.27554077,0.015865101024709848,0.04162336958887637
DOK1,-2.4150043,-0.39788195,0.01573502406575349,0.04129589510073293
GLMN,-2.4151196,-0.53382677,0.015730039895077055,0.04129589510073293
PNPO,-2.4153504,-0.6443447,0.01572007571981094,0.0412842510127432
UBQLN1,-2.4200814,-0.34365425,0.01551703012351006,0.04079192490634923
ICMT,-2.4206583,-0.34178597,0.01549242703770075,0.040740881948824706
UAP1,-2.4207737,-0.25890538,0.015487510542222409,0.040740881948824706
TMEM184C,-2.4207737,-0.7744649,0.015487510542222409,0.040740881948824706
TARS2,-2.42112,-0.52969456,0.015472769293427398,0.04073009477207514
PELI1,-2.4236586,-0.94909585,0.015365043603433961,0.040460079619501765
PDHX,-2.4240048,-0.3311195,0.015350405007510537,0.040435087637154685
RAB35,-2.4242356,-0.41882172,0.01534065276541623,0.04042295453617729
SGOL2,-2.4250433,-0.34799233,0.015306562855885365,0.04034666148757703
HLTF,-2.4250433,-0.2914778,0.015306562855885365,0.04034666148757703
NCAPH2,-2.4251587,-0.375115,0.015301698317010127,0.04034666148757703
NEK2,-2.425505,-0.40922254,0.01528711286572876,0.040335999852300776
PRKCQ-AS1,-2.4266586,-0.30642578,0.015238583056854974,0.040221461663842675
PEPD,-2.4316206,-0.29631534,0.015031447229372929,0.03972813525798262
ZNF74,-2.432313,-0.39764556,0.015002742616224952,0.0396789707913963
UBIAD1,-2.433582,-0.4087044,0.01495024288316269,0.03955343814322766
RBMX2,-2.4342744,-0.32449442,0.014921674938012889,0.039491157896931015
SFSWAP,-2.436813,-0.30393213,0.014817336871131272,0.03926794234910126
RBAK-RBAKDN,-2.4384286,-0.7937812,0.014751275147278869,0.039119266131625766
HEXIM1,-2.4386594,-0.5962622,0.01474185897948096,0.039107498238373166
L3MBTL2,-2.4408517,-0.5034265,0.014652669267210879,0.03896300510966196
HMMR,-2.4411979,-0.34890616,0.014638630248970717,0.03893885560638841
MAGEF1,-2.4417748,-0.29111215,0.01461525823438275,0.03888985549833215
SOX4,-2.4430442,-0.55012506,0.014563955566505239,0.03877961727962666
SH3GLB2,-2.4435058,-0.83545905,0.014545339454315454,0.03874318121859881
NAPA,-2.4437366,-0.31145507,0.014536039268426485,0.03873154289467098
CAAP1,-2.443852,-0.7696142,0.014531391141956068,0.03873154289467098
C6orf106,-2.4441981,-0.4015321,0.014517454624748436,0.038708284479768824
EIF4G3,-2.4461596,-0.33694723,0.014438703423856433,0.03853755195188321
STK16,-2.4461596,-0.34761846,0.014438703423856433,0.03853755195188321
MKS1,-2.4467366,-0.7254089,0.014415613117051567,0.038514415310541485
HYLS1,-2.4518137,-0.9814284,0.014213818653439673,0.03802777436061602
PRKCI,-2.4540062,-0.32322174,0.014127453400244612,0.03782247663903252
WIPF3,-2.4540062,-1.0749186,0.014127453400244612,0.03782247663903252
PRKD2,-2.4565449,-0.51094913,0.014028030338972994,0.03759473842123264
PPM1A,-2.458968,-0.44982094,0.01393370313723332,0.037354688785995814
KIDINS220,-2.459545,-0.45266464,0.013911326980135735,0.03730743374153848
GTF3C1,-2.4596603,-0.47281194,0.013906855557532108,0.03730743374153848
CDC5L,-2.461045,-0.28617552,0.013853297374844895,0.03718990118913419
SLC6A6,-2.4619682,-1.0683438,0.013817693175760596,0.03710700167370923
C19orf12,-2.4628913,-0.41142365,0.013782169802403786,0.03703617942234352
SLC5A6,-2.463353,-0.424897,0.013764438377464588,0.037001938211835846
PKNOX1,-2.4641607,-0.5172304,0.013733456855768298,0.036931291887045525
ANKRD42,-2.464276,-1.1078461,0.013729035955362687,0.036931291887045525
CCDC130,-2.4654298,-0.55994636,0.013684896032685448,0.03685040640295092
TTC1,-2.4680839,-0.30148357,0.013583849590282217,0.03661672564573329
STXBP6,-2.4694686,-0.42771235,0.013531391826395246,0.036500371839400636
APOA1BP,-2.4698148,-0.2504796,0.013518305385023294,0.03647759835086155
FBXL19,-2.4700456,-0.6858498,0.013509587304513616,0.03646660078245857
FAM122A,-2.4728148,-0.4204782,0.013405357183628184,0.03621013778452523
PARPBP,-2.4730456,-0.38752225,0.01339670350564686,0.03619921088299143
SERTAD1,-2.4730456,-0.79861206,0.01339670350564686,0.03619921088299143
PHF20,-2.4730456,-0.30015993,0.01339670350564686,0.03619921088299143
DDX27,-2.4753535,-0.29998797,0.01331043790050914,0.03600326780595706
TMEM163,-2.4768536,-0.42957503,0.013254628916739916,0.035877019345620965
FAM212A,-2.4777765,-0.46762627,0.013220387841146167,0.03579667235167292
ACTR3B,-2.4795074,-0.56202936,0.013156396560553792,0.03563568792522415
HIBCH,-2.4810076,-0.33021724,0.013101159154643927,0.03549831154181719
WDFY1,-2.4815845,-0.64776474,0.01307996867109691,0.03545312419305253
TRAPPC10,-2.4832,-0.31050447,0.013020796492176153,0.03530492110667714
TRMT6,-2.4838924,-0.32504672,0.012995509552204347,0.03524852470047139
PIK3R3,-2.4845846,-0.95691,0.012970266060886942,0.03519220722219929
SLC39A10,-2.485854,-0.32958078,0.012924098964994735,0.035103318592681065
PRKX,-2.4865463,-0.56284684,0.01289897823859898,0.03504720652514527
UBAP2,-2.4872386,-0.26440683,0.012873900721344249,0.03500328493117309
ZMYM4,-2.4874694,-0.28222117,0.012865551140183685,0.03500328493117309
NAMPT,-2.4874694,-0.4424568,0.012865551140183685,0.03500328493117309
ZC3H4,-2.4878156,-0.6243777,0.012853035752316892,0.03499500722164616
NACC1,-2.4878156,-0.4802462,0.012853035752316892,0.03499500722164616
SMUG1,-2.4903543,-0.2712358,0.012761584937345548,0.0347701178227018
FIGNL1,-2.4931235,-0.8223639,0.012662477604270878,0.03452404081275521
BUD13,-2.4991238,-0.69871694,0.012450079145234862,0.034003953993678664
ARMCX5,-2.4995854,-0.8030759,0.012433872248792504,0.03397150139626613
CHAMP1,-2.5009701,-0.28681654,0.01238536361091774,0.03385074153227517
COL18A1,-2.5014317,-0.26017204,0.01236923135514469,0.03381841708829152
SH2B1,-2.5016625,-0.6718097,0.012361172209002451,0.033808150313967354
MIS12,-2.501778,-0.416904,0.012357144380379933,0.033808150313967354
LGALSL,-2.502701,-1.2488035,0.012324963580949524,0.03373260938270331
FANCA,-2.5037394,-0.572495,0.012288848940086741,0.03364548916848426
INO80E,-2.5043163,-0.3610416,0.012268825786954304,0.03360238024983475
TCF3,-2.5055857,-0.36104304,0.012224876563684482,0.03349368866680907
NR2F6,-2.505701,-0.31349805,0.012220888105228098,0.03349368866680907
ATM,-2.5065088,-0.3555835,0.012193001165210474,0.03342967684213901
CXorf40B,-2.5069704,-0.45596603,0.012177091100622105,0.03339771319671321
UBE2Q1,-2.5077782,-0.30155775,0.012149292749940033,0.03334475700586267
ZNF668,-2.5078936,-0.92934424,0.012145326151197473,0.03334475700586267
SART1,-2.5084705,-0.51929384,0.01212551036762028,0.033302756621558495
PRDM2,-2.508586,-0.36660665,0.012121550650977567,0.033302756621558495
PPFIA1,-2.5097399,-0.30365485,0.01208201647071416,0.03320652182556324
LRRFIP1,-2.5105474,-0.27334616,0.012054410584611775,0.03314224541201453
KPNA2,-2.5113552,-0.26808825,0.012026860622391533,0.033078077797228815
POLRMT,-2.5120475,-0.3440772,0.012003290807622932,0.03302481586475591
SYAP1,-2.5150478,-0.3111695,0.011901627454618362,0.03277955247406285
PMS2,-2.5162017,-0.88786405,0.011862729919294528,0.03269534860212579
RECQL4,-2.5180478,-0.50631255,0.011800728316782463,0.03253587958172209
SETD1A,-2.5190864,-0.85835373,0.011765978862057604,0.03245146206512025
SAMD1,-2.5198941,-0.36802122,0.011739014286585034,0.03238846407485966
ZKSCAN1,-2.520702,-0.2854125,0.011712104538988018,0.032325573139055125
PPP3R1,-2.5228941,-0.51168036,0.011639339428866927,0.03214733165040426
IRF3,-2.5256636,-0.3130438,0.011547999074104164,0.03191749920024216
PHRF1,-2.526356,-0.7726746,0.0115252636085921,0.0318770935371447
FAM57A,-2.5277407,-1.2548757,0.01147991181468416,0.03176284160068477
UIMC1,-2.527856,-0.44010174,0.01147613965765464,0.03176284160068477
PET112,-2.528433,-0.48955348,0.011457295369203684,0.03172261372051285
NEK6,-2.5301638,-0.6801251,0.011400927186914177,0.03158881236444828
RAD54L,-2.531433,-0.44894797,0.01135974711880535,0.03148581990762739
TRIT1,-2.5330486,-0.2975087,0.011307527136377813,0.03135214460156997
ASH1L,-2.533741,-0.27725992,0.011285212467506748,0.031312378640856765
CCDC106,-2.5366256,-0.38938302,0.011192655003397623,0.031077520343474135
EIF2S1,-2.537318,-0.26542777,0.011170541782632798,0.0310270882965278
FAM210B,-2.5374334,-0.2547678,0.01116686002078405,0.0310270882965278
C9orf85,-2.5385873,-0.72466224,0.011130101639792616,0.030936641323627386
NUDT6,-2.539049,-0.49013415,0.011115428407386363,0.030917737301706754
CENPL,-2.5392797,-0.41377622,0.011108098236952309,0.030908293181459576
SLC25A10-1,-2.5398567,-0.9799114,0.011089791593970286,0.030868289500579942
RNH1,-2.5427413,-0.31423753,0.01099865981261694,0.030636337882307116
THOC3,-2.543549,-0.33717299,0.010973262442749133,0.03057643720744748
SPR,-2.5436645,-0.38233432,0.010969638504308512,0.03057643720744748
YTHDC2,-2.5451646,-0.6711407,0.010922623989045014,0.030467759742169243
GALNT2,-2.5453954,-0.34159032,0.010915406902609897,0.030458444483126377
ABCF3,-2.5459723,-0.7100676,0.010897382724366304,0.030418955685819943
EVL,-2.5472417,-0.66891944,0.01085782261226966,0.030330084146293807
CWC25,-2.549434,-0.40589935,0.010789792089177895,0.03016150066209693
F2R,-2.5498955,-0.61888945,0.010775518251799896,0.030132323199675393
ZKSCAN5,-2.550588,-0.77613753,0.010754138970767302,0.030083248438524626
LINC00470,-2.5516264,-0.5216853,0.010722140756443668,0.030004423100058783
RDH11,-2.5518572,-0.38643667,0.010715041548551867,0.029995242823904103
VWA8,-2.552665,-0.7280088,0.010690227221846815,0.029936447353870493
HOXB2,-2.5537035,-0.2844605,0.010658398177209191,0.029857959230377387
DMAP1,-2.5571651,-0.45121074,0.010552909137000696,0.029583547919750347
UBTF,-2.5578575,-0.31768185,0.010531923114108341,0.029535257429961093
CRYZ,-2.5648963,-0.89925015,0.010320663309671269,0.028984201035919848
GCFC2,-2.5652425,-0.36694506,0.010310371473541845,0.028965653764188554
GRAMD1A,-2.5658195,-0.3662856,0.010293238710425406,0.028927867645936158
TIMM23,-2.5678966,-0.32002106,0.010231770381626155,0.02877570939766325
GOLPH3,-2.5685887,-0.33621266,0.010211353672591138,0.028728575608239038
ZNHIT3,-2.569512,-0.2700559,0.010184187813169342,0.028682967110952022
BRCC3,-2.5702043,-0.4143509,0.010163855662175918,0.028646245506419744
KRIT1,-2.570435,-0.3468737,0.01015708631411445,0.028637441851173367
AC079466.1,-2.5711274,-0.290646,0.010136802348440242,0.02859051434362589
SNTA1,-2.5718198,-1.0139436,0.010116554458123515,0.028543654909683983
TM9SF3,-2.5728583,-0.2739019,0.010086250144802566,0.02848736536359222
SMC2,-2.5741277,-0.25371072,0.01004932133571939,0.028394755069092018
PIGW,-2.5758584,-0.40683487,0.009999157935661028,0.02826318300993788
FBXO45,-2.5762045,-0.46349564,0.009989152060984328,0.02824506459288405
POLD3,-2.5773585,-0.47782806,0.009955863524879816,0.02816107597692868
HSPG2,-2.5781662,-0.8964919,0.009932620382458436,0.02810545140641607
PLCL2,-2.578397,-0.8022129,0.009925988369479742,0.02809680671793275
ADAT1,-2.578974,-0.7646921,0.009909425592776144,0.02806003533931385
COX10,-2.5797818,-0.61794317,0.009886279070346225,0.028004587846220556
B3GNT5,-2.5798972,-1.4062694,0.009882976359489292,0.028004587846220556
INTS12,-2.581397,-0.4189922,0.009840130485871292,0.02789398230477048
MBD4,-2.581974,-0.2597067,0.009823695425669167,0.027857446775679175
WDR75,-2.5824356,-0.5466911,0.009810564993548558,0.027830259308170433
WASF1,-2.5854359,-0.45316908,0.00972559773964353,0.027618411486963614
TIMM21,-2.5856667,-1.0059088,0.009719089045143486,0.02761064898719786
CDK8,-2.5875127,-0.5860213,0.009667159101743514,0.027492952477985267
UBL4A,-2.5883205,-0.4155133,0.009644517633900541,0.027438495477830043
ZDHHC6,-2.590513,-0.5402483,0.009583300341170197,0.02728409720184556
PAF1,-2.5933979,-0.5702695,0.009503279212073192,0.027066083470208457
HCG18,-2.5935133,-0.3297714,0.00950009079793376,0.027066083470208457
GLT8D1,-2.596167,-0.41513544,0.009427020096984458,0.026868375494126604
ENOPH1,-2.5981288,-0.3389671,0.009373333960996318,0.026725059260844314
ZNF317,-2.5993981,-0.9210306,0.009338741378473323,0.026645054013516207
CGGBP1,-2.6012442,-0.2770641,0.009288628217135777,0.026541351271590224
CLPTM1,-2.6021674,-0.40136048,0.009263661732794115,0.026479644436352902
RELA,-2.6025136,-0.5171886,0.00925431475085167,0.026462556377116805
SLC18B1,-2.606783,-1.0533701,0.009139725370741736,0.02617300138066946
DHRS7B,-2.6068983,-0.52229464,0.009136646016382545,0.02617300138066946
TBL2,-2.6078215,-0.5170198,0.009112044503461475,0.02611277255552349
FAM126A,-2.6097832,-0.6124938,0.00905996254368488,0.025982477466463937
IKBKAP,-2.6098986,-0.8892223,0.009056907192496888,0.025982477466463937
GAK,-2.6103601,-0.4338605,0.00904469498540212,0.025957646733771884
RABL3,-2.6110525,-0.8133196,0.009026404241745405,0.025914621827087047
UBE2O,-2.6128988,-0.74904764,0.008977790291781196,0.025793907367206034
ELOVL1,-2.614168,-0.38183662,0.008944503969450589,0.02571708590045182
PGAM5,-2.6142833,-0.569501,0.008941483412569106,0.02571708590045182
LIN7C,-2.6169374,-0.47772354,0.008872261580577358,0.025528063998327893
AQP3,-2.6175144,-1.4790363,0.008857276851270829,0.02550363257578166
ATN1,-2.6184375,-0.6410744,0.008833348306352611,0.025453393597358678
GALNT5,-2.6186683,-0.8100274,0.00882737520115165,0.02544551640552154
RAF1,-2.618899,-0.36956266,0.008821405704634603,0.025437643836235244
FARS2,-2.6212068,-0.43826455,0.008761908807704215,0.02527535574165134
IER2,-2.6223607,-0.3032484,0.008732295034236368,0.025199183502544697
PRPF6,-2.6228223,-0.34073102,0.008720474590627391,0.025174321172134567
CEP104,-2.6248994,-0.46621624,0.008667459356974825,0.025048893763442697
ECSIT,-2.6258225,-0.33521828,0.008643989635945587,0.02499026079880478
RPRD2,-2.6275532,-0.41327265,0.008600136966000435,0.024872634708370183
TTI2,-2.6275532,-0.69618934,0.008600136966000435,0.024872634708370183
CTD-2336O2.1,-2.6312459,-0.5004406,0.008507248680932387,0.024622121734975647
SS18L1,-2.6352844,-0.96311235,0.008406680214692624,0.02435797605548158
RHBDD3,-2.6353998,-0.41545275,0.008403822520299586,0.02435797605548158
ZMAT5,-2.6355152,-0.4464515,0.008400965694798338,0.02435797605548158
DLGAP5,-2.6355152,-0.42169064,0.008400965694798338,0.02435797605548158
STK38L,-2.6359768,-1.0749667,0.008389547077188659,0.024344252785857747
PPP2R5A,-2.6365538,-0.3119507,0.008375293328115823,0.024311873278769325
KIAA0020,-2.637823,-0.5914307,0.008344011304092366,0.024230021735173947
IDH3G,-2.638054,-0.40796062,0.008338334906125133,0.024230021735173947
CYFIP1,-2.6386309,-0.69612056,0.008324159022046099,0.024199211368679533
THG1L,-2.6386309,-0.53423333,0.008324159022046099,0.024199211368679533
KIAA0100,-2.6397846,-0.3891157,0.008295871919030742,0.024143784336415886
DLST,-2.641977,-0.68865156,0.008242363258890809,0.024014749035084312
DNAJC6,-2.6438234,-0.8448357,0.008197543097999017,0.02390189347987464
ZFAND2A,-2.6457849,-0.32268578,0.008150160783187178,0.023781394112903153
ANXA2,-2.6468234,-0.2528003,0.008125175397842008,0.023717299424024143
DHX37,-2.6489005,-0.67367727,0.008075410219284183,0.023598343479344218
EDC3,-2.649016,-0.69512784,0.008072653505066021,0.023598343479344218
MIER1,-2.652593,-0.38020337,0.007987612159799517,0.023367856057811998
MFGE8,-2.6537468,-0.39588496,0.007960351100546709,0.023296780139640236
FOXRED1,-2.6543238,-0.41131794,0.00794675184094236,0.02326564879262103
CTD-2270L9.4,-2.6562855,-0.60959196,0.00790066985503239,0.023147990194434694
KLHL12,-2.6572087,-0.6634705,0.007879067149592474,0.023093310619421225
STK17A,-2.657901,-0.69339406,0.007862899858618077,0.02306313606775392
MYLIP,-2.6600933,-0.43755096,0.007811899304985365,0.02293066855032139
SCO1,-2.6602087,-0.4487781,0.007809223293577663,0.02293066855032139
SLC25A46,-2.6606703,-0.36167374,0.007798527458870012,0.0229085389638833
MEN1,-2.662632,-0.48603994,0.007753216443311719,0.022783956289642183
SOCS4,-2.6636705,-0.62372416,0.00772932388831898,0.02272224518815329
ZMYM6,-2.6659782,-0.7856651,0.007676465395141742,0.022583758681212877
MECR,-2.6666706,-0.31575924,0.007660671147399366,0.02255418735488082
KRR1,-2.668286,-0.43373197,0.007623931118597037,0.022462857815671318
DHRS4L2,-2.6696708,-0.27121606,0.00759256546476661,0.022378837420540983
TJP2,-2.670594,-0.53084785,0.007571719348125585,0.022325771576398826
STARD7,-2.6740556,-0.26837933,0.007494002666867615,0.022146497723192295
MTFR1,-2.674171,-0.43295085,0.007491424475091277,0.022146497723192295
PRC1,-2.6757865,-0.32027292,0.007455413215311912,0.022049047743326455
MYL6B,-2.6760173,-0.29814032,0.00745028144291031,0.022042169768007717
POM121,-2.676248,-0.3651411,0.00744515283877458,0.02203529598665197
STAM,-2.6784403,-0.59324175,0.007396588795251867,0.021908071261954532
NUDT8,-2.6812098,-0.5372407,0.007335650992115438,0.02173577462959893
CENPO,-2.684556,-0.6279104,0.007262619008461926,0.02154375842578113
C22orf29,-2.6846714,-0.35648012,0.007260112342470828,0.02154375842578113
WAPAL,-2.6899796,-0.33731723,0.007145641652695302,0.02122882571177065
C12orf65,-2.690672,-0.4164834,0.007130830761188425,0.02119283981427737
ING3,-2.691941,-0.28650868,0.00710374902063553,0.0211283409909474
SLC35A4,-2.6920564,-0.35057357,0.007101291628972475,0.0211283409909474
DBR1,-2.698403,-0.93513024,0.006967304826627681,0.020753955029639906
COA3,-2.699903,-0.2724312,0.006935968884791304,0.02066845052732765
MCM6,-2.7003646,-0.28986722,0.006926352558089667,0.02064762783445705
RMDN3,-2.7009416,-0.38166782,0.006914348992502446,0.020627501456933806
TGIF2,-2.7017493,-0.46434522,0.006897575395498698,0.020585279153359524
SLC16A9,-2.7023263,-1.1520706,0.006885616645495944,0.02056521625489378
BRF2,-2.7024417,-0.9483488,0.006883227131957372,0.02056521625489378
EHMT1,-2.7027879,-0.4312833,0.006876063060655635,0.020552311773763324
EPB41L4A,-2.703134,-0.9820127,0.0068689056891158996,0.02053873398858218
AGPAT5,-2.7037108,-0.3569745,0.006856991610221076,0.020510917402241643
ODF2L,-2.7042878,-0.32589865,0.006845096101734927,0.020483135192048706
RBM4,-2.7080958,-0.4581623,0.00676704969742474,0.020265030641735165
BRD2,-2.7110958,-0.29646087,0.006706122881760772,0.020090234643871423
VAPB,-2.712596,-0.3806631,0.006675844771639223,0.020007157833356007
GTPBP6,-2.7143269,-0.6482663,0.0066410612464987894,0.0199105099584916
SMARCA4,-2.7162886,-0.2782849,0.006601836971712404,0.01980046942069528
RNASEH1,-2.7177885,-0.27624834,0.006571982635436881,0.01971845821289408
POM121C,-2.718827,-0.4464994,0.006551385428491669,0.019664169866565554
NOP9,-2.7197502,-0.99593794,0.006533125558780743,0.01961685828143071
APLP2,-2.7197502,-0.27956608,0.006533125558780743,0.01961685828143071
MMAB,-2.7218273,-0.32575613,0.006492208108887708,0.019516377610146553
ERP44,-2.722058,-0.33008823,0.0064876759848463035,0.019510220084597133
WDR36,-2.724135,-0.45930037,0.006447014761100164,0.01940279729825356
TCERG1,-2.7249427,-0.3361919,0.006431264081090947,0.019370237483500533
ZNF35,-2.726212,-1.3095057,0.006406582952871189,0.0193107095528792
SERTAD2,-2.726212,-1.0833292,0.006406582952871189,0.0193107095528792
NECAP1,-2.7266736,-0.70446235,0.006397629148944984,0.019298531860584812
ZSCAN21,-2.7274814,-1.2862947,0.0063819870827224925,0.019266144709756027
TNFRSF10A,-2.7284045,-0.6667372,0.0063641525820413635,0.019219691861566673
IFRD1,-2.7286353,-0.3504585,0.006359700970438017,0.01921363504722716
PRRC2B,-2.7287507,-0.30123687,0.006357476215620471,0.01921363504722716
SLC20A2,-2.7295582,-0.7275947,0.00634192253245193,0.019174673399695884
MPI,-2.7302506,-0.78177476,0.006328618070082443,0.01914181553349926
YY1AP1,-2.7302506,-0.4717049,0.006328618070082443,0.01914181553349926
CISD3,-2.7314045,-0.31716797,0.006306499779690549,0.0190896168668475
SACS,-2.7314045,-0.8107108,0.006306499779690549,0.0190896168668475
TRADD,-2.7327893,-0.56996644,0.006280049689372782,0.019038900158249016
FAM96A,-2.7338278,-0.27826273,0.006260277698450642,0.018993619668339047
DTWD1,-2.7452514,-0.5334845,0.006046455287063007,0.018359066981012726
EML4,-2.7467515,-0.37663683,0.00601887180351792,0.018282381290268084
UGCG,-2.747444,-0.6399657,0.0060061792433213764,0.018250885089473663
RBM39,-2.7491746,-0.25043842,0.00597455328288134,0.01816180961185485
TRMT61B,-2.7527518,-0.4816748,0.0059096680195926685,0.017985448389732824
ASAP1,-2.7532134,-0.5337711,0.005901342153217285,0.017967070780434795
ADA,-2.7557518,-0.3547375,0.005855738578857419,0.017835140184926337
CYB5B,-2.756675,-0.3281295,0.005839234384628831,0.017791771175818257
YAE1D1,-2.7571366,-0.5886136,0.005830998022921628,0.017773569837038955
CDYL,-2.758752,-0.47385558,0.005802253170286141,0.017692817799921445
PPT2,-2.7607138,-0.51860243,0.0057675205000984045,0.01761425875904859
CPSF7,-2.7615216,-0.43007004,0.005753273386160186,0.017577581660166573
RCOR3,-2.765214,-0.41202527,0.005688547038595082,0.01738659026776824
PXMP4,-2.7679834,-0.99969196,0.005640434098593129,0.017252963335065822
TFPI,-2.7709835,-0.7717298,0.00558872627394506,0.01710145885541038
UBE2K,-2.771445,-0.27939802,0.0055808092970645136,0.017083888163851035
AC093323.3,-2.772599,-0.52768683,0.005561061108995813,0.017030072129108037
ZFX,-2.7734067,-0.7014385,0.005547274920170573,0.016994479133361877
NME2,-2.7736375,-0.42053002,0.005543341677820477,0.016994479133361877
CEP44,-2.774676,-0.4578675,0.005525673213288983,0.016954751207181627
CROCCP2,-2.7757144,-0.39900938,0.005508055587806059,0.016907298414308942
C12orf29,-2.7768683,-0.40025494,0.005488539919555921,0.016860571399339757
MPP5,-2.7772145,-0.97606874,0.0054826974013885655,0.016849212866943342
TUT1,-2.77733,-0.6497944,0.0054807511431749665,0.016849212866943342
C10orf128,-2.7783685,-0.33754805,0.005463262861789465,0.016802634995832517
RBM6,-2.7790608,-0.3289765,0.0054516320083754415,0.01677343103242816
KIFC1,-2.781138,-0.5083796,0.005416873440199782,0.01667955345855323
MCM3AP,-2.781484,-0.43853122,0.005411099836956428,0.01666830949776186
NLRP2,-2.7837918,-0.700425,0.005372750924724314,0.01656317053128316
YKT6,-2.7855227,-0.42983225,0.005344150478152961,0.016481469181739893
DEPDC1B,-2.7855227,-0.69883823,0.005344150478152961,0.016481469181739893
GPATCH3,-2.7866766,-1.0480349,0.00532515997188467,0.016435808086111624
POP5,-2.7866766,-0.30139303,0.00532515997188467,0.016435808086111624
CTD-2256P15.2,-2.7880611,-1.3557497,0.005302451825709061,0.01638503504757855
BRPF1,-2.7889843,-0.85221326,0.005287361689576492,0.016351270106938327
MAD2L1,-2.7895613,-0.2919591,0.005277950063503842,0.01633502669378356
POLR1A,-2.7896767,-0.76384187,0.005276069555202621,0.01633502669378356
SMARCAD1,-2.7901382,-0.36178115,0.0052685535727146834,0.016318804540092206
ARHGAP22,-2.7902536,-0.5432598,0.00526667608892335,0.016318804540092206
PEX16,-2.790369,-0.40462407,0.005264799209524988,0.016318804540092206
INPP1,-2.7904844,-0.4524311,0.005262922934350003,0.016318804540092206
DUS2,-2.7948692,-1.0576278,0.005192070535656217,0.016120045082047268
LINC00657,-2.7951,-0.29346207,0.005188365448474247,0.016114911268392727
NECAP2,-2.7966,-0.33004034,0.005164340558884542,0.016046635715996075
SRSF6,-2.7979848,-0.59803087,0.005142253014625389,0.01598432822710029
PSMA6,-2.7986772,-0.5957775,0.005131241288810429,0.01595641342977273
WNK2,-2.7992542,-1.0999722,0.0051220811353076216,0.015934236561521334
KLHL8,-2.7997158,-0.6095431,0.005114763656560675,0.015917776752093545
CCDC59,-2.7998312,-0.25591418,0.0051129357638268254,0.015917776752093545
PI4K2B,-2.8008695,-0.71546835,0.005096511279430994,0.01587984771913148
NT5C3A,-2.801331,-0.41375294,0.005089226828540553,0.015863443150073826
CCNT1,-2.8028312,-0.55312777,0.00506561731400143,0.015796119095466944
TUBB2A,-2.8038697,-0.45673308,0.005049330314622543,0.01575158444057191
KIAA1429,-2.804793,-0.388631,0.0050348927415703095,0.015712786048881516
RIPK2,-2.8049083,-0.3804451,0.005033090671641777,0.015712786048881516
LRWD1,-2.8058314,-0.8119065,0.005018695092223515,0.015674691828793524
MALSU1,-2.8060622,-0.3271595,0.005015102019114368,0.01566970022280961
MYBBP1A,-2.807562,-0.70663965,0.0049918036830574036,0.0156031109949924
SLC25A37,-2.807793,-0.2768825,0.004988228023428523,0.015598141371031467
BPNT1,-2.8091776,-0.91713333,0.004966822660458826,0.015543582469284492
SIGIRR,-2.80987,-0.38783744,0.0049561511596129615,0.01552255476824554
SNHG9,-2.811601,-0.7729247,0.004929563068250044,0.015445439928641443
CDC7,-2.813101,-0.7645393,0.00490662448349273,0.015379702840317398
POLR3E,-2.8137932,-0.40265125,0.004896070044851223,0.01535274658774705
RPUSD2,-2.8143702,-0.5298632,0.004887290371966336,0.015331336210780979
PDSS2,-2.8147163,-0.8167892,0.004882029406876472,0.015320951254899996
FASTKD5,-2.8156395,-0.5990569,0.004868025203734079,0.01528310870316994
MTERFD2,-2.8162165,-0.3757273,0.004859291042105323,0.015267892454294925
NBN,-2.8176012,-0.4292881,0.004838386869976449,0.01522047611680617
ACTN4,-2.8210628,-0.2973508,0.004786481951770531,0.015075307029333407
MARK2,-2.8233707,-0.6161669,0.004752159172092539,0.014984610312897275
KIF23,-2.824063,-0.550658,0.004741905864007428,0.014958903840071626
KRT8,-2.8248708,-0.33152515,0.004729968981827794,0.014927242407495909
NUP50,-2.8269477,-0.44132084,0.004699398936083346,0.014836727750375676
ZNF675,-2.8269477,-0.65254086,0.004699398936083346,0.014836727750375676
ZNF107,-2.8285632,-0.8686414,0.004675746013520144,0.01477987321376287
GLYR1,-2.828794,-0.41765982,0.004672375837423043,0.014775165943219808
PITPNC1,-2.8290248,-0.74779606,0.00466900786076326,0.014770461839023525
GOLGA5,-2.8291402,-0.83597904,0.004667324696829814,0.014770461839023525
ZMYM1,-2.8323712,-0.6664049,0.004620418585819707,0.014634430641779758
ZNF296,-2.8345635,-1.3223444,0.004588832994930859,0.014540251381678863
FAM65C,-2.8360636,-0.84781504,0.004567334612802051,0.01447797150264734
CCDC138,-2.836179,-0.7001184,0.004565684675698265,0.01447797150264734
TSSC4,-2.8372176,-0.36807188,0.004550859517928038,0.014443232934676661
LEPR,-2.837333,-1.4125973,0.004549214972693764,0.014443232934676661
HSD11B1L,-2.8395252,-1.0563047,0.004518070721553247,0.01435076648516003
GON4L,-2.8406792,-0.5060232,0.004501756711986095,0.014310521640085299
SLC39A1,-2.8413715,-0.39098403,0.004491993942120426,0.014285268184354633
RSPRY1,-2.844141,-0.54348296,0.004453134396946832,0.01417316478444788
PYCRL,-2.8462179,-1.1806805,0.0044241899264122015,0.014086749846764427
STYX,-2.8467948,-0.4555616,0.004416180110639845,0.01406694840595133
RAD18,-2.8485258,-0.38909146,0.004392229457854859,0.01399633362736305
SETD8,-2.849449,-0.44605634,0.0043795039739253794,0.013972787861569398
RRP12,-2.849449,-1.044959,0.0043795039739253794,0.013972787861569398
ZNF544,-2.8518722,-0.50829357,0.0043462584291145126,0.013877991853940853
E4F1,-2.853949,-0.56780607,0.004317944530764252,0.013798801582242962
PLOD2,-2.8585649,-0.49103278,0.00425562261081396,0.013605175257608326
LYN,-2.8587954,-0.3717346,0.004252528036402939,0.01360081747799067
NUDCD1,-2.861334,-0.46622747,0.004218622163355155,0.013514387068986436
WARS2,-2.8641036,-0.74279577,0.0041819137518925315,0.013402257250557256
UBALD2,-2.8646805,-0.33042577,0.0041743027362779826,0.013383325711617777
SART3,-2.8656034,-0.43017864,0.004162151247147764,0.013349815453795707
MYSM1,-2.8658342,-0.6273797,0.004159118393699527,0.013345537166057917
KIF4A,-2.8695269,-0.45746,0.0041108646556205905,0.013201488908380923
ASXL1,-2.8718345,-0.36240232,0.004080964634007584,0.013116193617074293
CRY1,-2.872296,-0.90409267,0.004075008367833227,0.013102411268657388
CSNK1G2,-2.8759887,-0.37014574,0.004027641552051775,0.012971350713967485
DESI2,-2.8776042,-0.33492243,0.004007076182817274,0.012926317624652852
MCCC2,-2.8784118,-0.47981635,0.003996829289936372,0.012903861106637979
YAF2,-2.8800273,-0.5010928,0.003976406844200815,0.012848488589550556
ST6GAL1,-2.8822198,-0.8160726,0.003948842219941692,0.012764673101910283
SDHA,-2.8830276,-0.31597692,0.003938730652066489,0.012737229012755154
GRB2,-2.8870661,-0.29105872,0.003888524644477593,0.01258004986918101
MEX3A,-2.8900664,-1.1461902,0.0038516058371691297,0.012470883697841514
RIF1,-2.8904126,-0.29378554,0.003847366530625738,0.012462294473428935
KIF2C,-2.8937588,-0.4084832,0.003806604588705429,0.012340437079769354
TM2D2,-2.8939896,-0.39919433,0.003803807937953208,0.012336462160455182
GINS3,-2.8942204,-0.83781123,0.0038010131543956575,0.01233249001560425
RTTN,-2.8953743,-1.5586697,0.0037870672061206556,0.012297400952491835
THOC1,-2.8975666,-0.45139882,0.0037606979413623703,0.012216824784698686
CYB561A3,-2.8979127,-0.53337467,0.0037565496617066284,0.012208397845554641
RHOT2,-2.8980281,-0.39348844,0.003755167826304467,0.012208397845554641
TRIP13,-2.8983743,-0.43333915,0.003751025091641548,0.0122055932455859
AKT1S1,-2.899182,-0.38523635,0.0037413748606449863,0.012179237269111633
DOLK,-2.8999898,-0.7479509,0.003731747201763063,0.01215293294769853
SPIN1,-2.9022977,-0.5061615,0.0037043635671377352,0.012073765900359712
FOXN2,-2.903567,-0.58307284,0.0036893805559793224,0.012034918715621916
TK1,-2.9043746,-0.32129312,0.003679874621578741,0.012008897030536356
SLC9A3R2,-2.9043746,-0.65814894,0.003679874621578741,0.012008897030536356
EBP,-2.9052978,-0.30317253,0.0036690379686136997,0.011983489914120836
ZNF480,-2.9054132,-0.4532364,0.003667685429176999,0.011983489914120836
PELP1,-2.9076056,-0.5123781,0.0036420731679454805,0.011905320322185498
GTF3C2,-2.9091058,-0.50681186,0.003624642817880977,0.011853276159223594
HAUS3,-2.9097981,-0.6911492,0.0036166236573791357,0.011831977854524412
B3GALT6,-2.910029,-0.70963,0.003613954191725614,0.011828170906668625
PLEKHA8,-2.9101443,-0.6035488,0.0036126201310227916,0.011828170906668625
TSEN2,-2.910375,-0.48117873,0.0036099533532016853,0.011824930604420032
MLH3,-2.910721,-1.0315619,0.0036059565434424356,0.011816766228093589
GTF2F1,-2.9148753,-0.39059192,0.0035583077700728676,0.01167035805174212
SLC9B2,-2.917529,-0.880554,0.0035281661186383983,0.011576334528782215
ZNF254,-2.9179907,-0.7910239,0.00352294786909507,0.011564043256055903
FRAT2,-2.9207602,-0.6004435,0.0034917855709110995,0.011466545008154968
IVNS1ABP,-2.9208755,-0.4739665,0.0034904926022580863,0.011466545008154968
PSMC1,-2.9213371,-0.43457395,0.003485325083447563,0.011454907334929125
FAM13A,-2.923068,-0.633795,0.0034660088350904187,0.011396190623539236
SASS6,-2.9232988,-0.469742,0.003463440710114539,0.011392515401151467
RNGTT,-2.924568,-0.77612627,0.00344934695420345,0.011350909227175576
APTX,-2.9262989,-0.34392667,0.003430212320449613,0.011297407873011199
IL2RG,-2.9268758,-0.57235545,0.0034238556131811044,0.011281202114738915
ZNF326,-2.9301066,-0.31440845,0.0033884558034401172,0.011173938008405592
SOD2,-2.9318376,-0.38908887,0.0033696290024308123,0.011121191518526904
SAE1,-2.9335685,-0.30844566,0.0033508974976158186,0.01107332765829712
HNRNPH2,-2.9402611,-0.34823972,0.003279357816624125,0.010850613163261375
DGUOK-AS1,-2.9411843,-0.8649289,0.003269600219498873,0.010827449293492265
PRKAG1,-2.942569,-0.3410932,0.00325501341021575,0.01078824064862646
POMGNT2,-2.9436073,-0.5421162,0.0032441122393790773,0.010756649067253123
MBLAC2,-2.9442997,-0.972095,0.0032368632831038394,0.010737145730059398
DHODH,-2.9452229,-0.66787124,0.0032272209660747374,0.010709683434100998
HAUS6,-2.9475307,-0.4085595,0.0032032295731772038,0.010638529379025501
BNIP2,-2.9479923,-0.3735846,0.0031984508431403833,0.010627678245713921
SAAL1,-2.948223,-0.5197178,0.0031960639153222367,0.010624241242004303
LRRC47,-2.9498384,-0.42461333,0.003179400823798466,0.010577803249020308
HIST2H2BE,-2.9512231,-0.9005304,0.0031651812366111347,0.010539422896812405
MRPS28,-2.9513385,-0.37857902,0.0031639988915061713,0.010539422896812405
ING5,-2.9521463,-0.56679153,0.00315573374138881,0.010516881009168054
DHX38,-2.9522617,-0.5755306,0.003154554613576599,0.010516881009168054
LONRF2,-2.9527233,-1.0535804,0.003149842117278585,0.010506161287143647
CHMP2A,-2.9536464,-0.28788644,0.0031404363712778283,0.010479238613588506
PTAR1,-2.9575696,-0.5124484,0.003100746923054314,0.010355598248550866
VPS72,-2.9579158,-0.35295936,0.0030972669639967917,0.010348376011141983
SCAF1,-2.9581466,-0.49602404,0.0030949489700810456,0.010345031557441112
DNM1,-2.9602237,-0.93786675,0.003074158096365921,0.010284289542995873
NUP153,-2.96207,-0.4037573,0.0030557843276719826,0.010227177628403673
WDR12,-2.962762,-0.3969786,0.003048920024966949,0.01020855362153256
TRIM13,-2.962993,-0.47037253,0.0030466350510904685,0.010205253017618605
FRMD4A,-2.9636853,-1.3761891,0.0030397894972837387,0.010186666596059627
TMEM109,-2.963916,-0.76011753,0.0030375107654701337,0.010183374760037516
PKIB,-2.9640315,-0.43205988,0.00303637198392963,0.010183374760037516
CLP1,-2.964493,-0.49589732,0.0030318207507889073,0.010172982485026428
TTC27,-2.9653008,-0.7835199,0.0030238710627642695,0.010150644101715102
TRMU,-2.965647,-0.46005177,0.0030204698778204782,0.01014356173162884
ARFRP1,-2.9659932,-0.43513244,0.003017072182812748,0.010136485028226748
TERF2IP,-2.9669163,-0.2962602,0.0030080287005694057,0.010114754042368442
MAEA,-2.9729166,-0.44916406,0.0029498462985539237,0.009923358747383756
TMEM161B,-2.9738398,-1.0266271,0.0029409868694543592,0.00989779428430334
DUSP11,-2.9738398,-0.42958614,0.0029409868694543592,0.00989779428430334
POLR1B,-2.9744167,-1.1426431,0.002935462063626,0.009887673460455503
RRAS2,-2.9759166,-0.62260807,0.002921141865959704,0.00984365909786078
IPO4,-2.9774168,-0.62529284,0.0029068854525473352,0.009799821987021168
ETAA1,-2.9796093,-0.62528664,0.002886163369007566,0.009750887425184701
SPG20,-2.9801862,-0.35235286,0.002880732646533793,0.009736727598331732
TMEM57,-2.980994,-0.45625612,0.0028731453057586395,0.009715263184130053
B4GALT4,-2.9838786,-0.9014551,0.0028461963441784627,0.009636582880828373
MON1A,-2.9849172,-0.8268779,0.0028365513527452025,0.009608068510484504
UBN1,-2.9869943,-0.32806203,0.002817350843748277,0.009555393297773194
NUDT2,-2.9874558,-0.48401004,0.002813100213866599,0.009545098133875654
EXOC3,-2.9879174,-0.30342072,0.002808855441114018,0.009534813954170532
MPV17L2,-2.988148,-0.45900667,0.0028067352489209293,0.009531736005306485
TSPAN17,-2.9923022,-0.83332396,0.0027688208568936367,0.009411115461228697
RALBP1,-2.9929945,-0.4133146,0.0027625474666569784,0.00939385729462795
THOP1,-2.9958792,-0.37273556,0.002736547850515413,0.009317548056262925
FAM120AOS,-2.99611,-0.38086027,0.0027344775691375187,0.009314536559226023
CHAF1A,-2.997033,-0.32944012,0.002726210744732328,0.009294438107583522
SPRYD7,-2.9989948,-0.4420163,0.0027087195077308344,0.009238815342260401
MARCH3,-3.0024564,-0.89692664,0.0026781025675453435,0.00913835606779699
CEP78,-3.0031488,-0.71190274,0.002672017261833319,0.009121553929465762
CLN3-1,-3.0041873,-0.45860362,0.0026629129949542495,0.0090944267718981
AHCY,-3.0045335,-0.28963786,0.00265988454543993,0.009088035278134255
PUF60,-3.0053413,-0.26928896,0.0026528304012075135,0.00906787763337033
MGA,-3.005572,-0.6634266,0.002650818074453863,0.009064943828835478
SLAIN2,-3.0115724,-0.41486496,0.0025989848278676554,0.00890657937115664
C17orf80,-3.0128417,-0.693779,0.00258813955139958,0.008873782704602226
CBWD5,-3.012957,-1.0409815,0.002587155671940852,0.008873782704602226
COPS7B,-3.0191882,-0.40655297,0.0025345312882787377,0.008700885871259258
DNAJA2,-3.0211496,-0.34844795,0.00251816810675887,0.008648977034801452
MAPKAPK5,-3.0223036,-0.47091183,0.0025085879041659934,0.008619841639205546
EIF5B,-3.0234575,-0.26683635,0.0024990410538200474,0.008594556689035233
CCDC41,-3.02715,-0.9781966,0.002468714056634467,0.008497698910983233
NUDT16,-3.0272653,-0.48556435,0.002467771787206703,0.008497698910983233
TIMM10B,-3.0319965,-0.35617423,0.002429420917550276,0.008377129634485258
CTPS1,-3.032112,-0.31877214,0.0024284923821881344,0.008377129634485258
MYNN,-3.0322273,-0.8127938,0.002427564171641771,0.008377129634485258
DHRS13,-3.033381,-0.80384254,0.0024182999087795413,0.008349778366357493
PCGF6,-3.033381,-0.5763857,0.0024182999087795413,0.008349778366357493
ANGEL2,-3.0364966,-0.55325973,0.002393447803603775,0.008274882261138932
WDR83,-3.0384583,-0.71213406,0.0023779203561577894,0.008224819197542685
OPA1,-3.040189,-0.3997232,0.0023642963118666004,0.008181298471238831
ARID5A,-3.0406506,-0.71805716,0.0023606753233228377,0.008172368737197396
TMEM19,-3.041343,-0.6913105,0.002355253360334653,0.008160791859474504
SHQ1,-3.043074,-1.2655466,0.00234174830180455,0.008117578513095648
NUP214,-3.043997,-0.28973493,0.0023345746340356775,0.008096284216490175
RNF14,-3.043997,-0.5297604,0.0023345746340356775,0.008096284216490175
CDKN2C,-3.0450356,-0.4287279,0.002326528316429107,0.0080755103515469
USP47,-3.0454972,-0.36875498,0.002322960334141085,0.008066690285003635
APEH,-3.0480356,-0.3647295,0.0023034258515382024,0.008005933656563088
ARFGEF1,-3.0490742,-0.41919523,0.002295477928661737,0.007981841137511264
NABP1,-3.051382,-0.673672,0.00227790573638982,0.007924246926192221
CCDC34,-3.0516129,-0.28366336,0.002276155311924858,0.00792166591722187
ZCCHC10,-3.0518436,-0.39119136,0.002274406119767992,0.007919086910805664
U2AF1L4,-3.0525358,-0.6070989,0.002269165929403539,0.007907851985565572
RPSAP58,-3.0536897,-0.7883966,0.0022604568527570404,0.007884497592542875
ZNF7,-3.0550745,-0.6054532,0.0022500463889805447,0.00785167231694455
MAPKAPK5-AS1,-3.0557668,-0.3598026,0.002244857647396773,0.007837047475689625
VWA9,-3.0570362,-0.5866026,0.002235373420393154,0.007807406944058793
ACLY,-3.0607285,-0.39254382,0.002207991327903047,0.007715201014536671
TYW1,-3.060844,-0.62153655,0.002207140612086863,0.007715201014536671
SNAPC4,-3.0615363,-1.0490761,0.002202042622542748,0.0077012666073344995
HSP90B1,-3.0616517,-0.25038174,0.0022011940076270098,0.0077012666073344995
VAC14,-3.065921,-0.68318856,0.0021700051839185553,0.007599371698475368
IMP4,-3.0683444,-0.2925712,0.002152484151345786,0.007541375115442082
PPFIA3,-3.068806,-1.1853632,0.002149161553525057,0.007533094155706971
C3orf33,-3.0712292,-0.94750834,0.002131794934320616,0.007478896475698275
MITF,-3.0718062,-0.43458328,0.002127679036149388,0.007471130455499975
PAK4,-3.072729,-0.7137215,0.0021211087534777173,0.007451390544976507
PPIF,-3.0730753,-0.3209605,0.002118649697962388,0.007446082048096
NFRKB,-3.0751524,-0.502513,0.0021039501840277542,0.007397729944287381
AC145212.1,-3.0819604,-1.0885316,0.002056421744351206,0.0072403374280048055
FH,-3.0819604,-0.32620123,0.002056421744351206,0.0072403374280048055
NTAN1,-3.0901532,-0.53582126,0.002000533183901019,0.007059383719471027
RAP1GDS1,-3.0937302,-0.74950224,0.0019765711826124246,0.006977962534571055
PDE12,-3.0943072,-0.59290975,0.0019727311096821025,0.006967537260140698
NCAPH,-3.0952303,-0.54798263,0.001966601235264127,0.006949011562303066
PIGC,-3.096615,-0.49859375,0.0019574392029456196,0.006919750197631792
PRPS1,-3.0983458,-0.37284425,0.0019460417715484498,0.006882556558087831
CNOT2,-3.1003075,-0.41258,0.00193319835883239,0.006843295677615332
FAM118B,-3.1086156,-0.5601153,0.0018796610128893876,0.006665795601014058
RABEPK,-3.1113849,-0.4192914,0.0018621201185499243,0.006609558757889587
REST,-3.1119618,-0.38498724,0.0018584847464261241,0.006599637288958953
MCPH1,-3.112885,-0.78127736,0.0018526817109219265,0.006582005807006664
C17orf89,-3.1164622,-0.2754344,0.0018303518395511704,0.006508562109404457
OGFOD1,-3.117616,-0.35011804,0.0018232015813038685,0.006491953046755162
ZNF830,-3.11877,-0.36299548,0.0018160769993777262,0.006472452282264991
NCAPD3,-3.126155,-0.43469003,0.00177108222412645,0.006317825100142263
PSMD11,-3.1278858,-0.29689592,0.001760685898979823,0.0062835927925881455
EIF2B2,-3.1290398,-0.5449358,0.001753786217233671,0.006264661544506814
IGHMBP2,-3.132963,-0.9259697,0.0017305128241909844,0.006189971873415383
NT5C3B,-3.13504,-0.37936082,0.0017183069175933782,0.006149111998950335
SHMT1,-3.1390786,-0.73939127,0.0016947995768126546,0.006067753270676117
CLEC2L,-3.1400018,-0.55914646,0.0016894681721160054,0.006051423844948118
ZNF587B,-3.1402326,-1.3985069,0.0016881377336475012,0.006049416924179344
AARSD1,-3.141502,-0.644141,0.0016808375336456853,0.006028757455153817
NEXN,-3.1417327,-1.2022818,0.0016795133488398664,0.006026759869866218
TMEM209,-3.1434634,-0.7334161,0.001669612511802377,0.005993969963531843
SYS1,-3.1449635,-0.7804658,0.001661075251715792,0.0059660476004698435
IMPDH1,-3.1451943,-0.4371281,0.001659765397730078,0.005964070081962381
DTNBP1,-3.1456559,-0.34781024,0.0016571485403765083,0.005957392121124702
DHX15,-3.149233,-0.3738781,0.001636996250276499,0.005887639901978892
CFD,-3.1494637,-0.31947917,0.0016357038788802037,0.005885686655338524
ABHD5,-3.1521177,-0.4183379,0.0016209089443104902,0.005837799063529986
NUDCD2,-3.15281,-0.2995407,0.001617069704047551,0.005826643360226382
FAM102B,-3.153041,-0.9044523,0.0016157918183805453,0.00582471075418962
SENP2,-3.1536179,-0.38037694,0.001612601169572859,0.005815877955461343
LINC00116,-3.1536179,-0.4443977,0.001612601169572859,0.005815877955461343
NR2F2,-3.153964,-0.4998686,0.0016106895649241847,0.005814322854999757
TFB1M,-3.1548872,-0.462238,0.0016056021450511627,0.005798622919253739
SLC52A2,-3.155118,-0.35586485,0.0016043326032812158,0.005796703127310924
ZNF385A,-3.1578872,-0.40170386,0.0015891700065306666,0.005744560700091296
RALGPS2,-3.1582334,-0.7092437,0.0015872839861751122,0.005740384765840472
AMHR2,-3.1589258,-0.5332623,0.0015835181259523145,0.005729403445119958
EP300,-3.159272,-0.5773632,0.0015816382820341053,0.005725239034736358
PTK2,-3.159849,-0.5452149,0.0015785097739819127,0.005716548766541228
METTL3,-3.1606567,-0.3772773,0.0015741394338015429,0.005703351131232067
INTS9,-3.1653876,-1.5277421,0.0015487646686036956,0.005614003909497937
HUWE1,-3.1657338,-0.3986435,0.0015469228485854509,0.005609916424579278
KIAA1279,-3.1689646,-1.016525,0.0015298295419087582,0.0055504900931608765
C6orf211,-3.1697724,-0.6265151,0.0015255834841947044,0.005537642453026527
DCPS,-3.172311,-0.45108297,0.0015123092990076122,0.005497079844379821
AGO1,-3.1727726,-0.45804864,0.0015099072723566544,0.005490889640908111
UNG,-3.177042,-0.49806267,0.00148785455710604,0.005413199419207014
RANBP3,-3.177042,-0.4712305,0.00148785455710604,0.005413199419207014
DROSHA,-3.1785421,-0.49741453,0.0014801770251538827,0.005390259866751854
ZNF420,-3.17935,-1.110545,0.0014760581059881457,0.005377753442735104
SFXN1,-3.1833885,-0.44999868,0.0014556214836123022,0.005308220405652105
TSTA3,-3.1837347,-0.328025,0.0014538819634773805,0.0053043394440849155
STX4,-3.1841962,-0.584304,0.0014515655835654457,0.0052983492838785205
PDLIM4,-3.1845424,-1.9699385,0.0014498305313664758,0.005294476440671161
ARL4A,-3.1847732,-0.34445697,0.0014486748920516854,0.005292716873053948
MDN1,-3.1847732,-0.41846144,0.0014486748920516854,0.005292716873053948
DHX32,-3.1858118,-1.4890484,0.001443485014191437,0.005281124725884368
NETO2,-3.187081,-0.48251146,0.0014371651047650356,0.005260452888131107
FBRSL1,-3.1898503,-0.97533554,0.0014234646473428776,0.0052151654873499554
OSBPL6,-3.1911197,-0.76809436,0.0014172255984843385,0.00519473032015608
ATG2A,-3.1919274,-1.0774754,0.0014132684315264186,0.005182644038113921
VDAC2,-3.194466,-0.28181297,0.0014008978456271253,0.005142080643645359
ZNF32,-3.1961968,-0.7771398,0.0013925206842887714,0.005113721353477466
SIMC1,-3.1981585,-0.50792736,0.0013830824254655047,0.0050814370683028715
PARL,-3.1988509,-0.3566166,0.0013797653853697403,0.00507162241557291
BATF,-3.1993124,-1.0753676,0.0013775581029416516,0.005065879634179154
PUS7L,-3.200928,-0.52129644,0.001369858235198041,0.005039923389920661
PRMT6,-3.205082,-0.7719605,0.0013502404869404534,0.004974736878479016
ATP5SL,-3.2055435,-0.4166628,0.0013480768102452525,0.004969095891354509
FBXO6,-3.2069283,-0.573209,0.0013416049565534195,0.004947561940716954
FABP6,-3.2075052,-1.197636,0.0013389168205740053,0.004939967884269052
SMARCD1,-3.2085435,-0.41752556,0.00133409069463018,0.00492447481500003
FBXL12,-3.208659,-0.54818845,0.001333555450312285,0.00492447481500003
TIAL1,-3.2096975,-0.37558103,0.001328747159654471,0.004911674794863939
RPP40,-3.2111976,-0.46241242,0.0013218300867600414,0.0048884064649247294
CDK5RAP1,-3.2125823,-0.4924927,0.001315474602335395,0.004869487748041719
MRPL50,-3.21489,-0.4456993,0.0013049447591121789,0.004835066548502908
SETD4,-3.217198,-0.77654594,0.001294492751291265,0.004803136779118038
ERAL1,-3.217544,-0.41472962,0.001292931631233377,0.0047996115138649225
NMD3,-3.2177749,-0.47512296,0.0012918918501023992,0.004798019140687633
ZCCHC3,-3.218698,-0.4837103,0.0012877404389540483,0.0047848633623387175
MTRF1L,-3.220429,-0.5845688,0.0012799897141335978,0.004760567805170176
ITGB1BP1,-3.2212365,-0.34788203,0.0012763874664005993,0.004749419018747848
HIST1H4E,-3.2246983,-0.937507,0.0012610550113374892,0.004696817028950203
MAPKAP1,-3.2248137,-0.34305993,0.0012605468703189725,0.004696817028950203
PIF1,-3.2253907,-0.92956936,0.0012580089997105777,0.004689919645337726
PAK2,-3.2278137,-0.33844194,0.001247401374885998,0.004652582051153616
TRIM14,-3.227929,-1.5171163,0.0012468983159670797,0.004652582051153616
KPNA1,-3.22816,-0.5709022,0.0012458927600873197,0.004651372447949571
ESCO2,-3.2298908,-0.53006905,0.00123837492601327,0.004625504062688653
FUT10,-3.2330065,-1.0663595,0.0012249482982623094,0.004579379699732843
CDK9,-3.233814,-0.54099923,0.0012214893355390226,0.004568951776504297
PPRC1,-3.2347372,-0.77641326,0.0012175472828762875,0.004556376325389823
RPS6KB2,-3.2347372,-0.29048505,0.0012175472828762875,0.004556376325389823
ZNF672,-3.2348526,-0.5963369,0.001217055353372523,0.004556376325389823
ABCF1,-3.235891,-0.29870194,0.0012126362418937182,0.004544493167974788
SNAP47,-3.2369297,-0.44202068,0.001208231955979366,0.004530148932800916
TRIM58,-3.237622,-0.84905076,0.0012053039795654969,0.004521328920480887
TGFBRAP1,-3.2384298,-0.9088528,0.0012018962919912001,0.004510700130717094
PAIP1,-3.2386606,-0.33380824,0.001200924302975706,0.004509206692100464
NUFIP1,-3.241199,-0.5195487,0.0011902802459985518,0.004473517383884509
SUCLA2,-3.2436223,-0.36833367,0.0011802013828446796,0.004437760585086146
NFE2L3,-3.2437377,-0.94993436,0.0011797234096675964,0.004437760585086146
COQ3,-3.2443147,-0.633687,0.0011773362256202494,0.0044312295410862765
PHLDA2,-3.2499688,-0.6173857,0.0011541768968128497,0.004346145505496134
MSH6,-3.250315,-0.4134673,0.0011527727489876038,0.004342940020766248
NTHL1,-3.2540073,-0.4340042,0.0011378930999188163,0.00429274199691871
ZBTB24,-3.255392,-0.8767182,0.0011323591523853818,0.004276289010570757
CAMKK2,-3.2558537,-0.711535,0.0011305200391512208,0.004271397261920558
PCYT1A,-3.255969,-0.53574383,0.0011300606925050928,0.004271397261920558
BACH1,-3.2610462,-0.5557586,0.001110019431690386,0.00420202536671228
HOOK1,-3.2626617,-0.85204315,0.0011037119153280406,0.0041821790134596035
TMUB1,-3.2628925,-0.33361045,0.00110281355200184,0.004180791723443269
SUPT6H,-3.2655466,-0.49405566,0.0010925308614973023,0.004145811554135898
TNPO1,-3.2668157,-0.48004955,0.00108764446222596,0.004131260759567174
TLCD1,-3.2702775,-1.311426,0.0010744204666418157,0.004083005692051989
DIEXF,-3.2724698,-0.694781,0.001066122360207804,0.004055395224906683
AURKB,-3.2731621,-0.4830755,0.0010635142484690197,0.004047434312850848
CLPX,-3.2761624,-0.45470133,0.0010522804957327206,0.004006623021803451
GNPNAT1,-3.2770855,-0.6505019,0.0010488461069632072,0.003995483108727446
NR6A1,-3.2775471,-0.5162865,0.0010471328045496202,0.003990891887305807
RHD,-3.2806625,-1.6796883,0.0010356355776997381,0.003956671917719573
ZNF30,-3.280778,-0.98454094,0.0010352120064441304,0.003956671917719573
WIBG,-3.281701,-0.37456638,0.0010318292033352967,0.0039459680585193545
NF2,-3.2821627,-0.7740633,0.001030141640687465,0.003941433311057008
STIM2,-3.2823935,-0.42993152,0.0010292988175526197,0.003940127783565218
BNIP3,-3.2825089,-0.61224014,0.0010288776453404884,0.003940127783565218
PRMT3,-3.2877014,-0.7184413,0.00101008914615515,0.003872254877036947
C8orf76,-3.2886245,-0.4266883,0.0010067824044575607,0.0038614627866279975
ARMC6,-3.289663,-0.55609995,0.0010030742997641192,0.0038506986149276375
YWHAG,-3.2910478,-0.38426974,0.0009981498258848087,0.003833969135611331
RP11-295G20.2,-3.29174,-0.5809751,0.0009956959910069438,0.0038264148773774678
TP53RK,-3.2934709,-0.40558884,0.0009895858170775023,0.0038047951997766914
GALE,-3.2957788,-0.6029449,0.0009814929151572285,0.0037773771918471486
PHF14,-3.296471,-0.33463848,0.0009790770214834115,0.003769926472427548
LAP3,-3.2973943,-0.40877363,0.0009758643951246134,0.0037612437800313243
TOP2B,-3.2984326,-0.30492777,0.000972261860209938,0.0037491982876529523
RUFY1,-3.3005097,-0.6155989,0.0009650937098487353,0.003723384622230754
VPS51,-3.3021252,-0.57337034,0.0009595523541293922,0.003705645890701266
GFER,-3.3030484,-0.44090557,0.0009563991108802549,0.003695285300523562
HBD,-3.3061638,-0.6816425,0.0009458276346044083,0.003656238223335446
RAB9A,-3.3068562,-0.5342454,0.0009434931651282322,0.0036490097548410945
CCDC8,-3.3075485,-0.90298754,0.0009411640342487377,0.0036432954685239652
USP38,-3.3075485,-0.9272992,0.0009411640342487377,0.0036432954685239652
ARIH2,-3.310318,-0.3800264,0.0009319006751071906,0.003611287519963977
PET117,-3.310318,-0.569658,0.0009319006751071906,0.003611287519963977
NADK,-3.311241,-0.78349954,0.0009288317087297664,0.0036029496652208964
THUMPD2,-3.3117025,-0.5100782,0.000927300739615517,0.0035987881964821573
IWS1,-3.3128564,-0.44715154,0.0009234835401466334,0.0035857455303271407
ZMPSTE24,-3.3130872,-0.37816393,0.0009227218495774671,0.003584559905257668
SRRM1,-3.3135488,-0.27965826,0.0009212002145247299,0.003580419438442233
DAPK3,-3.3145874,-0.86271554,0.0009177850330482514,0.003570679264286288
NUDT9,-3.3168952,-0.55512935,0.0009102377039964523,0.003543070943950512
USP39,-3.3183951,-0.48789752,0.0009053628275957977,0.0035258428412320237
RWDD2B,-3.3183951,-0.6904574,0.0009053628275957977,0.0035258428412320237
MRPL32,-3.3185105,-0.31708953,0.000904988841117023,0.0035258428412320237
SZRD1,-3.3202415,-0.41081998,0.0008993961977721768,0.0035078238001491797
DPP10-AS1,-3.3202415,-0.5296583,0.0008993961977721768,0.0035078238001491797
CEP290,-3.3232417,-0.7016013,0.0008897781038581611,0.003477217415823809
ATF2,-3.3241646,-0.5799322,0.0008868379270046988,0.003467452422410109
CCDC94,-3.32428,-0.58031017,0.000886471038818959,0.003467452422410109
ACAT2,-3.326011,-0.2968143,0.0008809845734831502,0.003451438316563663
ISCA1,-3.3302805,-0.61360705,0.0008675856028011148,0.0034006411726560663
TAF2,-3.332242,-0.736558,0.0008614928898108325,0.0033784456562476733
PMS1,-3.332819,-0.63521117,0.0008597084805742346,0.003373131925529777
IP6K2,-3.3355885,-0.38958558,0.0008511909270440738,0.0033430523659656003
EXPH5,-3.3358192,-0.9926219,0.0008504846751986355,0.0033419495366109465
HIST1H2AG,-3.3442426,-0.6767325,0.0008250753696112316,0.003251865041794392
SCLY,-3.344935,-0.8708552,0.0008230185689464115,0.003245386977446818
PTS,-3.3451657,-0.4335187,0.000822334026488607,0.003245386977446818
GAS2L1,-3.3453965,-1.7055424,0.000821650012293363,0.0032448772481469914
TET2,-3.3474736,-0.98586655,0.0008155175951696082,0.003223900709641305
DBN1,-3.3474736,-0.6102078,0.0008155175951696082,0.003223900709641305
LSG1,-3.347589,-0.5085614,0.0008151781536471756,0.003223900709641305
CHD7,-3.3488584,-0.5977035,0.00081145293896332,0.0032126828808250398
GCN1L1,-3.351743,-0.5108806,0.000803045210056466,0.003180998550173243
NAA15,-3.3537047,-0.5576852,0.0007973742091313314,0.003160128361617865
YARS2,-3.3567047,-0.5281484,0.000788772764175032,0.003127617396564804
CACTIN,-3.3567047,-0.8282774,0.000788772764175032,0.003127617396564804
RELL2,-3.357397,-0.9515394,0.0007868000837075377,0.003124527127160116
SAC3D1,-3.3584356,-0.4020681,0.0007838496476742075,0.003114384917795094
ARVCF,-3.3603973,-1.0758029,0.0007783046030296725,0.0030939183485820232
NUSAP1,-3.362705,-0.41539827,0.0007718276477082061,0.0030697246444293465
FARSB,-3.3631666,-0.35880533,0.0007705382763367808,0.003066149017540736
UCHL5,-3.3658206,-0.3578193,0.0007631631156478996,0.003039881477390594
MRRF,-3.3660514,-0.48925543,0.0007625249046078999,0.003038880327597693
IARS2,-3.3662822,-0.4397778,0.0007618871891502268,0.0030378801374492544
HTRA2,-3.3674362,-0.38528472,0.0007587060333232751,0.003026732296472486
RPUSD4,-3.3696284,-0.5354265,0.0007526957896634704,0.0030058085550617995
MEIOB,-3.372167,-0.3799504,0.0007457918072433206,0.0029812695398963272
MVK,-3.3753982,-1.0942743,0.0007370899732179402,0.002947984592478065
RP11-844P9.2,-3.3755136,-0.6633013,0.0007367809446293253,0.002947984592478065
TMC6,-3.3779366,-0.5186873,0.0007303190779205832,0.002923881935303864
RRP36,-3.3800137,-0.46829587,0.0007248222765802115,0.0029033549120538304
C20orf96,-3.3805907,-1.2267851,0.0007233022223189522,0.0028987443654670255
SMU1,-3.3830137,-0.5514366,0.0007169502768634741,0.0028747546833908064
AUH,-3.3832445,-0.93487674,0.0007163480404183079,0.0028738068730775326
RSBN1L,-3.3852062,-0.39007783,0.0007112479745405878,0.002854804721520857
ATP6V0D1,-3.3858986,-0.4652697,0.0007094560209695278,0.002849068018770777
LDB1,-3.3873987,-0.9764202,0.0007055878367807765,0.002834983354431202
USP36,-3.389014,-0.8121888,0.0007014440233022402,0.002819776255393601
CFLAR,-3.3893602,-0.4083944,0.0007005590106417803,0.002817660536913049
JMJD4,-3.3906295,-0.78852457,0.0006973228345140535,0.002806081385813468
CABIN1,-3.3938606,-0.8354406,0.0006891478801819836,0.0027746061500919946
DHRS4,-3.393976,-1.0015408,0.0006888575716772318,0.0027746061500919946
ZWILCH,-3.3943222,-0.5369442,0.0006879873280314624,0.002772776019336653
GABPA,-3.395822,-0.9923275,0.0006842280673629697,0.0027604578680719707
TMEM199,-3.3970914,-0.43745884,0.0006810620771116053,0.0027490969248261353
ORC5,-3.3995147,-0.8795041,0.000675055695391949,0.0027262532068399793
UBN2,-3.4035532,-0.50550437,0.0006651543776425912,0.0026876479611021367
SUPV3L1,-3.404361,-0.65232044,0.000663190388811753,0.002681091355695481
OXNAD1,-3.4081688,-0.49148452,0.0006540040018031531,0.0026453148476641443
STRAP,-3.4083996,-0.31259698,0.0006534510721320284,0.0026444400677986006
JUND,-3.4107075,-0.45165014,0.0006479456357039256,0.0026248648625344694
MBNL1,-3.4124384,-0.38229886,0.0006438449020910659,0.002610945640642913
TRMT5,-3.4132462,-1.2328929,0.0006419394987693873,0.002604563410554513
DLEU1,-3.417977,-0.3541847,0.0006308841979124261,0.002561031201344758
NDUFA7-1,-3.419708,-0.44123182,0.0006268840204308693,0.0025471887072994522
TOPORS,-3.4234004,-0.55602175,0.0006184290479993784,0.002514368619065796
MRPL42,-3.425016,-0.4079531,0.0006147634665136775,0.0025007597252537216
ERI3,-3.431247,-0.3232525,0.0006008133461975979,0.0024478157854679107
ARL2,-3.4344778,-0.35033828,0.0005936964891678147,0.0024200757251754976
PKIG,-3.434824,-0.58463633,0.0005929386409130364,0.0024182414456759608
C15orf57,-3.4364395,-0.609315,0.0005894139074894728,0.0024051149315999004
CSTF3,-3.4395552,-0.42639077,0.000582671225579112,0.002378837046218256
CINP,-3.4417474,-0.48525685,0.0005779694991187559,0.002360868650846504
MAP3K4,-3.4423244,-0.5756745,0.0005767380870763747,0.0023570643465062034
TMEM161A,-3.4426706,-0.44995144,0.0005760004128831122,0.00235527498344448
LYPLA2,-3.4434783,-0.89476085,0.0005742825882266517,0.0023494738179793487
SSNA1,-3.444286,-0.28925553,0.0005725695349039715,0.002344908079598903
TUBGCP2,-3.4449785,-0.6366801,0.0005711049918751283,0.002340130261439297
HIST1H2BN,-3.4457862,-0.6001129,0.0005694007674187846,0.0023343648371996623
ZNF394,-3.4479785,-0.5663945,0.0005647988575688335,0.0023167075854846927
TUBA4A,-3.4536326,-0.99596035,0.000553090132210648,0.002271052267911469
ZNF131,-3.461133,-0.42185515,0.0005379068647081961,0.0022110195825656097
DESI1,-3.4615946,-0.43475357,0.0005369853127656924,0.002208387241766761
FNBP4,-3.4650564,-0.39905927,0.0005301204200055376,0.0021812969613114186
RMI1,-3.467364,-0.7948834,0.000525589353940086,0.0021637863601673877
FBXO34,-3.4677103,-1.0103419,0.0005249128152426303,0.0021621343281231576
ANKRD13C,-3.4682872,-0.80298215,0.000523787053958874,0.0021586292281463564
NOC4L,-3.4707105,-0.45178524,0.0005190833833000019,0.0021403674413761234
SCAMP1,-3.4749799,-0.7439188,0.0005108916237259975,0.0021076962733023686
DIS3,-3.4762492,-0.45427462,0.0005084795737430495,0.002098847636233134
TEFM,-3.47648,-0.56951815,0.0005080421613910481,0.0020981446780897386
MTOR,-3.4789033,-0.73442495,0.0005034704617981875,0.0020803579576142888
C12orf44,-3.4792492,-0.4638726,0.0005028205016527115,0.002078765810780026
IL27RA,-3.4808648,-0.98006874,0.0004997976847678129,0.0020673569319911377
EMP2,-3.4822495,-1.4406972,0.000497220193185598,0.002057779039764422
FAM78A,-3.4831727,-0.49980277,0.0004955087567761252,0.0020517771663028277
MGME1,-3.486288,-0.48124242,0.0004897731263264716,0.0020301677611052425
EMG1,-3.4877882,-0.37883902,0.0004870336632091119,0.002019878260035678
NANS,-3.4895191,-0.33683574,0.0004838905032241818,0.0020079027484553344
TMOD1,-3.4898653,-0.57197714,0.0004832641458239917,0.002006363565247069
OAT,-3.4914808,-0.4709047,0.000480351130250853,0.0019953242348601007
ASXL2,-3.4926345,-0.51135385,0.00047828044093529455,0.0019877740018765812
ZNF787,-3.4929807,-0.79255265,0.0004776608595842447,0.0019862498952007636
FHL3,-3.4932115,-0.4281596,0.0004772482213601668,0.0019855851582542957
POLR3D,-3.4978273,-0.49148956,0.0004690649600019905,0.001955682197885157
DSN1,-3.498058,-0.6154361,0.0004686592532657143,0.001955682197885157
PSMD5,-3.4993272,-0.38519314,0.00046643371178341626,0.0019488493649248589
NOL9,-3.4999042,-0.7092243,0.00046542536500032217,0.001945671230482986
ACAD9,-3.5008273,-1.2553204,0.0004638162394565063,0.0019399768695052488
SEPHS1,-3.503943,-0.52470374,0.0004584236810136264,0.0019184432681737004
CHCHD1,-3.5042892,-0.29151782,0.0004578281326983016,0.0019169722720389973
KHSRP,-3.5044045,-0.4030234,0.0004576297770799556,0.0019169722720389973
ASUN,-3.5054429,-0.470668,0.0004558481816603175,0.0019107190325196339
SH3GL3,-3.5068276,-1.3322794,0.0004534827880505699,0.0019018191671848514
MLLT11,-3.5071738,-0.46025002,0.00045289323197997435,0.0019003612912407578
ZFYVE20,-3.5072892,-0.8836227,0.0004526968722925076,0.0019003612912407578
EIF2B4,-3.5113277,-0.6054959,0.0004458741277551813,0.0018729097719341974
LARP1B,-3.5135202,-0.82416713,0.0004422106640293381,0.0018585151235689945
EFTUD2,-3.5147896,-0.4453565,0.00044010257289306317,0.0018516366952731715
ZFP36L2,-3.5159435,-0.52730477,0.0004381942704513775,0.0018445959241133816
PCNT,-3.5159435,-0.52960825,0.0004381942704513775,0.0018445959241133816
YOD1,-3.5168667,-0.5299094,0.00043667319289573514,0.001840165198603004
ANK1,-3.5176744,-0.6515902,0.00043534629481686024,0.0018365441169637148
ZNF598,-3.5181358,-0.7809381,0.0004345897582993874,0.0018343377492969844
RITA1,-3.5197513,-0.66765714,0.0004319515349931972,0.001824182423318045
DCTN1,-3.520559,-0.68490994,0.0004306380376452753,0.0018196136555694662
CDCA5,-3.5239055,-0.5673422,0.00042523603149887404,0.0017996923639136077
RTCB,-3.5245976,-0.37813276,0.0004241263041565303,0.0017959634065496204
TANGO2,-3.526444,-0.5400525,0.00042118023768818966,0.001785413257982045
ESF1,-3.5297904,-0.45821416,0.00041588914338449705,0.001763935864624851
HS2ST1,-3.5303674,-0.58936906,0.0004149831840123702,0.0017610442519811818
GNPTAB,-3.5307133,-0.51644135,0.0004144404934547496,0.0017596919330200313
RSBN1L-AS1,-3.5307133,-0.60147196,0.0004144404934547496,0.0017596919330200313
ASNSD1,-3.5323288,-0.49116954,0.00041191669034047046,0.0017508688325889585
RNF34,-3.5329058,-0.48521397,0.0004110188162686786,0.001747998268430141
SATB2,-3.5330212,-0.69822663,0.0004108394609584519,0.001747998268430141
TMEM128,-3.5350983,-0.60444576,0.00040762353964056533,0.001735437888280022
ALDH1B1,-3.536483,-0.8844379,0.00040549267211088043,0.0017273020278909795
SPSB2,-3.5367138,-0.95768625,0.0004051385407906238,0.0017267299174771296
SPRTN,-3.5431757,-0.55779284,0.0003953393786546999,0.0016886301355805698
TOR3A,-3.5435216,-0.35733673,0.000394820724682603,0.0016882508396199492
ATL2,-3.5435216,-0.9075195,0.000394820724682603,0.0016882508396199492
SLC25A17,-3.5444448,-0.5252963,0.00039344075394991704,0.0016841837178619065
ENDOD1,-3.544791,-0.91045374,0.0003929244278281248,0.0016828906110086808
PIGH,-3.5452526,-0.493738,0.0003922369778489206,0.0016808627719603225
ECHS1,-3.5460603,-0.3611867,0.00039103664396830407,0.0016775493382692672
SLBP,-3.5475605,-0.33032715,0.0003888165540009558,0.001669849115187265
C11orf57,-3.5524068,-0.4645382,0.00038172419252859306,0.0016402863962320013
MRPL24,-3.5530992,-0.42951515,0.0003807209251637295,0.001636870753782756
C1orf35,-3.5530992,-0.41511965,0.0003807209251637295,0.001636870753782756
EGLN3,-3.5547147,-1.0347427,0.0003783895443119857,0.0016286300660661084
SNF8,-3.5603688,-0.27279428,0.0003703343782549467,0.0015957084702098773
ARF3,-3.562215,-0.38391814,0.0003677390325838079,0.0015853952255465483
ZBTB11,-3.563138,-0.6633323,0.0003664477460077635,0.0015806957962059209
FBXO5,-3.5632534,-0.5017793,0.00036628663359810926,0.0015806957962059209
ATP2B1,-3.5641766,-0.42039788,0.00036500011650110817,0.0015770494582597386
DNAJC9,-3.5653305,-0.28124782,0.00036339791131141,0.001570990970473927
PAK1,-3.5676384,-0.6519931,0.0003602132100592961,0.001558939264471499
COPRS,-3.5679846,-0.38028085,0.00035973776198552725,0.0015577398679141768
BRD9,-3.5684462,-0.5670775,0.0003591047440279543,0.0015558564613014788
ABCF2,-3.5732925,-0.50926363,0.00035252065042906634,0.0015290169569963093
NCAPG,-3.573754,-0.54158926,0.00035189951771062223,0.0015271661390148827
CPOX,-3.5752542,-0.6787384,0.00034988789837537583,0.001520115841669567
TMEM206,-3.5757158,-1.181313,0.00034927110572784825,0.0015182758912519359
FBXL15,-3.5787158,-0.4289385,0.0003452866768842014,0.0015017867369465127
MFSD3,-3.5799851,-0.66580826,0.0003436137906104096,0.0014953386843461315
MARCH7,-3.5814853,-0.39205843,0.000341646518998123,0.0014876016667019158
RAP1B,-3.583216,-0.48724705,0.00033938968494258653,0.0014794150805904646
SAV1,-3.5836775,-0.6393079,0.0003387902224338676,0.0014776219862398833
ZRANB2,-3.5850623,-0.33603406,0.00033699777333037664,0.0014706208386167268
PGBD2,-3.5867932,-0.9254161,0.0003347696890513881,0.0014617097873811304
C16orf59,-3.5869086,-0.60398096,0.0003346216412690266,0.0014617097873811304
AHCTF1,-3.587601,-0.4424887,0.00033373464029015767,0.001458812242336777
ZNF670,-3.590601,-0.619067,0.0003299163321161915,0.001442924715352274
PDHA1,-3.5918703,-0.41604283,0.0003283132333145682,0.0014367133413292106
SRPRB,-3.5939474,-0.4592484,0.0003257056959869516,0.0014260971248481074
RBM15,-3.5952165,-0.9367957,0.0003241217558707042,0.0014199533699745576
ALYREF,-3.597986,-0.43918905,0.00032069087730645783,0.0014057069426574925
C9orf156,-3.598563,-1.1066055,0.0003199804028512541,0.001403375803683194
COG2,-3.5990245,-0.8031383,0.00031941308438186375,0.0014016702669382903
MOGS,-3.6020246,-0.6679205,0.00031574840221255246,0.0013879147730160041
PLCB4,-3.60364,-1.0999246,0.000313791452012769,0.0013800850255096869
ZCCHC11,-3.6041017,-0.38031328,0.0003132344124712953,0.001379179545942839
NAGPA,-3.6077943,-0.76950955,0.00030881130847156197,0.0013610721104655257
IFNAR1,-3.6097558,-0.45326418,0.00030648538762568145,0.001351736507467562
CRYAB,-3.6099865,-1.821507,0.0003062128309250025,0.0013512931387167947
WDR53,-3.6105635,-0.8734794,0.00030553243181394264,0.0013490484833606068
TUBA1C,-3.6111405,-0.35149613,0.0003048534485810567,0.0013468075582700788
PRKAR2A,-3.6162176,-0.44209418,0.0002989390278653728,0.0013244027433065445
CDC23,-3.6165638,-0.5919153,0.00029853971077737994,0.0013233800384629343
BECN1,-3.6166792,-0.5545397,0.00029840671613480134,0.0013233800384629343
TMED3,-3.6172562,-0.40704268,0.0002977425748601045,0.0013213378110317065
CRKL,-3.6177177,-0.42524445,0.00029721225888437687,0.0013197299567760206
TRIP12,-3.6229103,-0.4623724,0.0002913068511710282,0.0012942394320975264
RBM3,-3.6234872,-0.3802615,0.000290657523244119,0.0012928170130705292
SH3BP5,-3.6264875,-0.6825778,0.0002873028186112649,0.0012786196261708135
ELAC2,-3.6267183,-0.7042354,0.0002870462726640151,0.0012782020815055777
ABCB8,-3.6271799,-0.60780257,0.00028653382450283054,0.0012766438976005298
ZNF148,-3.6320262,-0.43973085,0.0002812046200007919,0.0012543227087485635
MIA3,-3.6326032,-0.47197974,0.00028057641419200696,0.0012522316667489856
CTAG2,-3.6347954,-0.25815555,0.00027820120543831106,0.0012423368213291264
ME2,-3.6388342,-0.55652577,0.0002738750706183198,0.0012237136972166678
ZNF330,-3.639065,-0.48347533,0.0002736297772922022,0.00122331354617544
EXOSC2,-3.6418343,-0.5849913,0.0002707022732916407,0.0012121480810886895
TLK1,-3.6427574,-0.3774676,0.0002697329804020337,0.0012086437883958784
TCP1,-3.643219,-0.2536805,0.0002692495548312659,0.0012071662404107269
CUL4A,-3.6441422,-0.43624446,0.00026828513911875525,0.0012035292791421032
C9orf41,-3.645873,-0.74038416,0.00026648558141785484,0.0011961395668784285
AP2S1,-3.6465654,-0.26284325,0.0002657689317217536,0.0011936048934673383
GOLGA4,-3.6466808,-0.4011611,0.0002656496659023747,0.0011936048934673383
TOMM5,-3.6471422,-0.5682592,0.00026517310418477014,0.0011922923488101712
NUS1,-3.6525657,-0.616261,0.00025963321225373363,0.0011687214224946005
UROS,-3.6586814,-0.42345867,0.00025351635199340064,0.001143152092369783
AFG3L2,-3.6587968,-0.49456495,0.00025340224929001936,0.001143152092369783
BCLAF1,-3.6605275,-0.35572284,0.00025169647775614073,0.0011362504786060262
JAGN1,-3.6619122,-0.34328806,0.00025033962035666456,0.0011307749959181138
HOXC9,-3.6654894,-0.51321936,0.00024686609056536797,0.0011163691084576657
WDR5,-3.6661818,-0.82499534,0.0002461990377550708,0.0011139939179528116
CANX,-3.668951,-0.26235515,0.0002435476968776843,0.001103268257770594
PTMS,-3.6711435,-0.3309974,0.00024146773980228262,0.0010944772626352742
CDC34,-3.6750667,-0.3309753,0.00023778724496603483,0.001078417326332681
ALKBH4,-3.6758745,-0.7408141,0.00023703605925444568,0.001075631568713848
RIOK1,-3.6778362,-0.4820646,0.00023522101079620142,0.00106801216173651
NDUFAF1,-3.6811824,-0.6364872,0.00023215481793576517,0.0010546998813680945
F12,-3.6815286,-0.7022968,0.000231839775404281,0.0010538781457179556
CBWD2,-3.682798,-0.8615249,0.0002306880487444227,0.0010492499263968964
YTHDF1,-3.6876442,-0.63150495,0.00022633975328941917,0.0010306659490367464
APEX2,-3.6930676,-0.6226748,0.00022156506476874723,0.0010095090393030797
POLR3A,-3.693183,-0.7113463,0.00022146451053996682,0.0010095090393030797
HCCS,-3.6960678,-0.39997154,0.00021896453484595378,0.0009993994312695914
AFMID,-3.696991,-0.8973124,0.00021817015486750934,0.0009963526549327244
METTL8,-3.6971064,-0.65086967,0.0002180710478409033,0.0009963526549327244
ZNF581,-3.6977987,-0.54629636,0.00021747729278893984,0.0009949237826774155
EMILIN2,-3.699414,-0.49829578,0.00021609776204255048,0.0009891887650607424
ACOT7,-3.7009141,-0.4949792,0.0002148241303093456,0.0009839320953818715
EPC1,-3.7012603,-0.41159412,0.0002145312179632619,0.000983163778938986
FAM27A,-3.7024143,-1.4607311,0.00021355754973694817,0.0009792729440652236
KCTD3,-3.7040298,-0.6279407,0.0002122013839859281,0.0009736225883232858
ERICH1,-3.7046068,-0.4888855,0.0002117190021601835,0.0009719770671935952
UBXN2A,-3.705068,-0.50177294,0.00021133383834833278,0.0009707761989626632
APOC1,-3.7061067,-0.28705287,0.00021046962440528222,0.0009673720887674031
PISD,-3.7064528,-0.6182727,0.0002101822914153971,0.000966617036925026
CMAS,-3.7118762,-0.31694755,0.0002057285633645746,0.0009477993344450049
PSMD1,-3.71303,-0.39590314,0.00020479246936635264,0.0009440404030943075
WDR34,-3.7175305,-0.35094476,0.00020117979640885345,0.0009279314743344356
ABCB10,-3.7181072,-0.5614356,0.0002007209873804295,0.0009263591985154369
DDX23,-3.718915,-0.51790124,0.0002000803060242584,0.0009244887081297351
PIP4K2A,-3.7229538,-0.68341374,0.00019690561719018317,0.0009103552813589693
TOMM70A,-3.7241077,-0.5620348,0.00019600729395862352,0.0009072700613111301
FKBP8,-3.7269924,-0.29345438,0.000193778305056532,0.0008974814777235017
CPNE7,-3.7313771,-0.802227,0.00019043581496402956,0.0008825211366032166
GTF2H3,-3.7346082,-0.654687,0.00018800768315031186,0.000872297903807265
PCOLCE2,-3.7388775,-1.5926892,0.00018484369490646916,0.0008581248365782005
CLPB,-3.740493,-1.5161622,0.00018365961645208257,0.000853132044489124
PURA,-3.7448778,-0.5110377,0.00018048153237827132,0.0008388653472374682
SUPT16H,-3.7448778,-0.30824465,0.00018048153237827132,0.0008388653472374682
TAF3,-3.7453394,-0.5358289,0.0001801500218734483,0.000838316600601858
NEIL2,-3.747532,-2.0349915,0.00017858315072119657,0.0008315178713189088
RPF2,-3.750532,-0.41615617,0.00017645976807955307,0.0008226062185548304
RPL22,-3.7515705,-0.29116398,0.00017573029910483413,0.000820179144069205
TXNL4A,-3.7524936,-0.3076681,0.00017508426383479745,0.0008176497576827193
KIAA0922,-3.7529552,-0.6508925,0.00017476208439975728,0.0008166306799286695
CEBPZ,-3.7538784,-0.44845697,0.00017411939743977836,0.0008141118255294399
DYNLL2,-3.754917,-0.622052,0.00017339903172299386,0.0008112265599667164
MINA,-3.7572246,-0.5393028,0.00017180824187338657,0.0008042632538232727
NAE1,-3.7603402,-0.3628273,0.00016968244074009665,0.0007952598878361928
CLN6,-3.760571,-0.62139803,0.00016952596224254372,0.0007950008557702572
SLMAP,-3.7614942,-0.5648225,0.00016890140459460768,0.0007925451213205754
MKI67,-3.762648,-0.41293076,0.00016812375111213243,0.0007893676419520623
ANXA2R,-3.7640326,-0.7059196,0.0001671950128758366,0.0007859466344342888
DRAM1,-3.7650712,-1.5651753,0.00016650162884263955,0.0007831558650053495
TPX2,-3.765302,-0.37531984,0.00016634791131464661,0.0007829016437247149
RBM22,-3.7666867,-0.57599264,0.00016542840621668699,0.0007790408458225877
CENPE,-3.7672637,-0.5658588,0.00016504669217537747,0.0007777095183188903
METTL16,-3.7672637,-0.75097686,0.00016504669217537747,0.0007777095183188903
SPNS1,-3.767956,-0.46950758,0.0001645897291490372,0.000776487881360773
PPP1R10,-3.7686484,-0.48676717,0.00016413395665501989,0.0007748030225511906
RNASEH2A,-3.7693408,-0.41635752,0.0001636793718095144,0.0007731217471820418
CUL1,-3.7695715,-0.5084512,0.0001635281069520529,0.0007728720096921634
RP11-139H15.1,-3.7713022,-0.4883154,0.000162397805855331,0.0007679920319046508
RBM26,-3.7717638,-0.4301191,0.00016209763609672796,0.0007670342961083121
ZBTB2,-3.777764,-1.1600765,0.00015824263521193913,0.0007496959587393135
GOT2,-3.7781103,-0.44527823,0.00015802288488333296,0.0007491066751711409
SMIM1,-3.7799566,-0.7585292,0.0001568557254057297,0.0007440227796268157
WDR73,-3.7828412,-0.65556186,0.0001550482687051413,0.000736338664255674
ZFYVE9,-3.7871108,-0.81957626,0.00015240917523488902,0.0007242432374289493
PITHD1,-3.7903416,-0.40219057,0.00015044019381141993,0.0007157527088968525
TEX264,-3.7906878,-0.4335208,0.0001502306577711757,0.000715188979874294
DERL1,-3.7934573,-0.49173495,0.00014856423335268278,0.0007081141098211913
BAZ1B,-3.7943804,-0.39228153,0.00014801263693362462,0.0007059133352238138
CCDC12,-3.7950728,-0.25606567,0.00014760020566247965,0.0007048021978594393
SEPW1,-3.7971497,-0.39134857,0.0001463693946974355,0.000699350118825034
ROMO1,-3.7976112,-0.40042692,0.0001460971967148696,0.0006984744249514916
M6PR,-3.798996,-0.46467182,0.00014528345985421827,0.000695854620216393
NFKBIL1,-3.8003807,-0.529608,0.00014447399234244053,0.0006923997619584322
MRM1,-3.8039577,-1.0606965,0.000142402481284299,0.0006828885778316048
AVP,-3.8066118,-1.0317401,0.00014088366472180054,0.0006760178291934901
LENG1,-3.8066118,-0.7142306,0.00014088366472180054,0.0006760178291934901
PMPCA,-3.8076503,-0.5241258,0.00014029350893269971,0.0006740094878693311
ATG4C,-3.811112,-0.9385521,0.00013834309579440645,0.0006654531643999159
ELP5,-3.8178046,-0.5045251,0.00013464450602043826,0.000648059187984401
RPS6KB1,-3.8178046,-0.57226086,0.00013464450602043826,0.000648059187984401
KCTD6,-3.81942,-1.2280929,0.00013376580622901,0.0006446198821649531
GPATCH2,-3.819997,-0.77319926,0.00013345329637399675,0.0006435086820243981
MRPL43,-3.8234587,-0.47766295,0.00013159263592316524,0.0006349263852435276
CDCA4,-3.824728,-0.5744501,0.0001309165395058941,0.0006320525001959424
PDZD8,-3.825882,-0.9148253,0.0001303047481166382,0.0006298731055115035
ZNRD1,-3.8269205,-0.39875728,0.00012975644033928136,0.000627608890926758
VDAC3,-3.8281896,-0.32355633,0.00012908923903709959,0.0006247664649639046
RNF2,-3.829459,-0.5866051,0.00012842527186647404,0.0006223198707656716
CSNK1A1,-3.830382,-0.32643196,0.00012794440966085974,0.00062037243079386
PELO,-3.8324592,-0.546314,0.00012686866688803406,0.0006155363671436118
ATG3,-3.8336132,-0.40888172,0.0001262747214502092,0.0006134124533032735
RAB21,-3.8431904,-0.6879571,0.0001214451473021989,0.000591048099169004
GTF2F2,-3.8443444,-0.44816557,0.00012087517006837138,0.0005886388474191303
PPIL2,-3.8469985,-0.45420155,0.00011957377941112156,0.0005826625541404217
RAB7L1,-3.8491907,-0.8301754,0.00011850869382812943,0.0005781899316894141
MRGBP,-3.8529987,-0.55921245,0.00011668004020253564,0.000569621948906723
CKAP5,-3.855768,-0.42339227,0.00011536685964513284,0.0005639120613021272
ACAT1,-3.857499,-0.45633027,0.0001145532133612207,0.0005602836182767053
PHF3,-3.857499,-0.4493749,0.0001145532133612207,0.0005602836182767053
ZNHIT6,-3.8622298,-0.6883349,0.00011235677347104766,0.0005502259698348375
ITPA,-3.864884,-0.39845493,0.00011114207999450909,0.0005449569527820655
GOLIM4,-3.8656917,-0.3861426,0.00011077485654708736,0.0005434956265942355
C11orf82,-3.8674223,-1.4884548,0.00010999179998188755,0.0005399909930360792
RNF26,-3.8697302,-0.5775851,0.0001089558455173731,0.0005355745723022314
ADH5,-3.8698456,-0.35207292,0.00010890429020755845,0.0005355745723022314
HIST1H2AE,-3.8739996,-1.0572752,0.00010706355378083675,0.0005269324655065618
NDUFAF5,-3.8751535,-0.69749784,0.00010655747196067794,0.0005247704967091695
NPW,-3.8754997,-0.49559942,0.00010640608813756358,0.0005243537153830376
POLE3,-3.8768845,-0.43859458,0.00010580257988832125,0.0005219543881490139
CUL5,-3.8778076,-0.53784144,0.00010540203711426518,0.000520712579580222
RHOG,-3.8818462,-0.48286468,0.00010366642787055746,0.0005127832436544262
URI1,-3.8830001,-0.40713727,0.0001031755155471636,0.0005106765435557467
NUFIP2,-3.8850772,-0.53416246,0.00010229739776038039,0.0005066494699923001
ITSN1,-3.888885,-0.83165824,0.00010070580647755304,0.0004997120087689066
TBX1,-3.8891158,-0.5064152,0.00010061010156897727,0.0004995526850975451
MIEF1,-3.889462,-0.46524853,0.00010046670517066533,0.0004991562106992891
API5,-3.8899236,-0.55182654,0.00010027581006254371,0.0004985230936970132
ZC3HAV1,-3.8983471,-0.44444352,9.685154893247605e-05,0.0004818042538724505
MRPL27,-3.9003086,-0.31982353,9.607012229494355e-05,0.00047821977859745343
NASP,-3.9035397,-0.2918961,9.479603007416064e-05,0.000472176801669329
RFK,-3.9173865,-0.9417074,8.951418954359556e-05,0.0004475709477179778
APC,-3.9206173,-0.51348805,8.832240474573614e-05,0.0004424569446924473
MSL1,-3.926156,-0.59975123,8.63141483405953e-05,0.00043322532601621476
TEX10,-3.9292717,-0.8072501,8.520354459554217e-05,0.00042819823595520397
VCL,-3.9396567,-0.7076969,8.159826381480838e-05,0.00041086818093930753
SLC29A1,-3.9398875,-0.57829523,8.15198084894446e-05,0.0004107364308432247
VKORC1L1,-3.9430032,-0.52720743,8.046761571456982e-05,0.0004064778915999653
DDX52,-3.9430032,-0.50565535,8.046761571456982e-05,0.0004064778915999653
RABEP1,-3.9469264,-0.64508975,7.91608884669293e-05,0.00040039200187233075
RTN4IP1,-3.9499266,-1.4952044,7.817518966224028e-05,0.0003959162571224354
HMGXB3,-3.952465,-0.638559,7.735021165959497e-05,0.0003922439719729622
DDX19A,-3.9529266,-0.8035663,7.720110280246414e-05,0.00039199396413274455
ZNF689,-3.9551191,-0.8581024,7.649653964259768e-05,0.0003891711909926197
GMCL1,-3.9616964,-0.5536904,7.441915201353965e-05,0.00037909366995223995
GSTO1,-3.9631965,-0.3217717,7.395289144489773e-05,0.0003772077677270595
TIMM9,-3.971389,-0.49103135,7.145475657549894e-05,0.00036470247751822234
ABCC5,-3.9717352,-0.6631918,7.135097964435903e-05,0.0003644095871953447
TRAP1,-3.9732354,-0.37313312,7.090292490171981e-05,0.00036259275722852155
FDX1L,-3.9768124,-0.90530074,6.984520371674618e-05,0.0003576493319394011
NCOA4,-3.9800434,-0.46064648,6.890268943015186e-05,0.00035351445164849305
C9orf114,-3.9865053,-0.6746907,6.7053643817e-05,0.00034470312315610925
ARL14EP,-3.98789,-0.69130397,6.666357623059775e-05,0.00034314704540717257
POP1,-3.9882362,-0.885361,6.65663953937014e-05,0.00034287149889673736
CHORDC1,-3.9889286,-0.7007986,6.637243577581087e-05,0.00034209677363451074
KIF9,-3.9907746,-0.6813839,6.585782153732029e-05,0.00033966722795512205
TIPIN,-3.9949288,-0.746084,6.471371217768285e-05,0.0003339856827567009
BID,-3.996198,-0.3325774,6.43678925360447e-05,0.0003324193266736562
SLC25A21,-3.9980443,-0.93443286,6.386800329095378e-05,0.0003300547143752908
SPOP,-3.9986212,-0.59982127,6.371254302182277e-05,0.0003294680878449097
QSER1,-3.9990828,-0.55503064,6.358843277302628e-05,0.00032904291135185866
TDP2,-4.0008135,-0.6654104,6.312505452174755e-05,0.00032686045040759853
MCM4,-4.0036983,-0.4918222,6.235985327524368e-05,0.00032332451978682447
STUB1,-4.00416,-0.33145586,6.223823898086974e-05,0.00032290711175345565
HOXC10,-4.004506,-0.95267516,6.214717564608004e-05,0.0003226477625247579
UBE2N,-4.0063524,-0.32335263,6.166363104218977e-05,0.000320349088516138
RBM19,-4.007045,-0.83701575,6.14832218425261e-05,0.0003196232346611797
FAM60A,-4.0072756,-0.47677937,6.142319657477988e-05,0.0003195226550297324
SLC39A7,-4.0078526,-0.4800809,6.127337605062725e-05,0.00031895451880561764
URM1,-4.0098143,-0.41147903,6.0766570130389426e-05,0.00031652613287414384
UQCRC1,-4.010622,-0.322669,6.055904114830297e-05,0.000315808773866468
ZNF37A,-4.010968,-0.60824037,6.047030574551659e-05,0.0003156107984259354
CDCA8,-4.0116606,-0.5688504,6.029320414543408e-05,0.00031510520197098116
C16orf13,-4.0150065,-0.333197,5.9444114747883086e-05,0.00031087451487657897
WDR60,-4.017776,-0.58809966,5.874999572876628e-05,0.0003074491781808522
TTLL12,-4.0190454,-0.6902918,5.843442949102057e-05,0.00030600162910131106
MARK3,-4.021815,-0.51685584,5.7751484407037516e-05,0.00030262702469464957
ROCK2,-4.024469,-0.52965474,5.7104094545349584e-05,0.0002994343542414693
CCNB1,-4.0256224,-0.50633097,5.6824770011364014e-05,0.00029816871639229414
SIKE1,-4.0309305,-0.48927143,5.5556463558140713e-05,0.0002920990771413623
NOSIP,-4.032892,-0.32403702,5.5094564795311775e-05,0.00029005885151955365
C19orf25,-4.0349693,-0.42405427,5.460946208118864e-05,0.00028769773618225134
KIF14,-4.035431,-0.69940126,5.4502212398886484e-05,0.0002873254217404385
TSEN54,-4.036354,-0.5530816,5.428831141726859e-05,0.0002863899840044626
BRMS1,-4.0392385,-0.47824064,5.362498557184131e-05,0.00028308082101264346
EIF4E,-4.043739,-0.47465396,5.260551018008919e-05,0.0002780728684149398
POLR2D,-4.0442004,-0.6563021,5.250199339345892e-05,0.00027771256438088876
HMGCS1,-4.044662,-0.7473394,5.2398669655844186e-05,0.0002773527965947817
AK4,-4.0457006,-0.91039526,5.2166895331583255e-05,0.0002763121799255472
RNF217,-4.052162,-0.94245946,5.074642949620178e-05,0.0002691513866932242
MRPS9,-4.055855,-0.48981106,4.995127508213418e-05,0.00026511301741227294
BLVRB,-4.0560856,-0.35971153,4.9901972105420116e-05,0.00026503041980262005
MYO19,-4.056778,-0.7551014,4.975433978867914e-05,0.00026442512790262154
S100A4,-4.0601244,-0.9968451,4.9046601207323635e-05,0.0002610169732273219
PSMD3,-4.0619707,-0.39402193,4.8660220795030695e-05,0.0002593120992842375
HIST1H4C,-4.0641627,-0.46227998,4.8205141838939496e-05,0.00025723599806037347
NDUFA3,-4.066009,-0.45905343,4.782504994071036e-05,0.00025538121501310666
ARL4D,-4.066355,-1.193108,4.775409977646309e-05,0.0002551758188735494
DUS1L,-4.0672784,-0.4745944,4.756538690625439e-05,0.0002543404453019934
XPO6,-4.0697017,-0.677577,4.7073373989557755e-05,0.00025188103044140067
CEP170,-4.070048,-0.6801561,4.700348161438864e-05,0.00025167849221610275
PTPRF,-4.0728173,-0.7816882,4.6447874251602465e-05,0.00024921315044148726
DPH7,-4.079856,-0.70072407,4.506360112352065e-05,0.00024195118716695467
MIPOL1,-4.0806637,-0.9842974,4.4907276515628424e-05,0.00024127678319443315
ASNA1,-4.082741,-0.42558995,4.450765721661477e-05,0.0002394572927647322
TRIP6,-4.0833178,-0.5178378,4.439725186090255e-05,0.00023902701395982836
AAR2,-4.087241,-0.81528264,4.3653355817141203e-05,0.00023518320297917982
B3GALNT2,-4.0873566,-1.0944964,4.3631656535599225e-05,0.00023518320297917982
WWC2,-4.0875874,-0.5813666,4.3588288663580124e-05,0.00023515522489864137
SMC6,-4.089664,-0.48460352,4.3199813575106025e-05,0.00023321961211852772
RP11-134O21.1,-4.0903563,-1.1356643,4.30710533657373e-05,0.00023268440453085728
COL4A3BP,-4.0909333,-0.52810675,4.2964031382280784e-05,0.00023226597832609467
CYB561D2,-4.092549,-0.62635297,4.26657102958651e-05,0.00023081208978927023
ZNF444,-4.094972,-0.6917733,4.222191073925811e-05,0.00022920048988035418
TIMMDC1,-4.0977416,-0.4378479,4.172007459437006e-05,0.00022678974805451682
MCM10,-4.106165,-0.8322777,4.022821245113756e-05,0.00021898309688405098
POLDIP2,-4.114704,-0.42626414,3.8767671552014894e-05,0.00021117895980657213
GATAD2A,-4.116896,-0.5383002,3.840086985659529e-05,0.00020932604630364746
ACN9,-4.118281,-0.423314,3.817090552867418e-05,0.00020821698814426091
RLF,-4.1183963,-0.5620169,3.815180095702946e-05,0.00020821698814426091
TXLNG,-4.120127,-0.71256393,3.7866319326062e-05,0.0002068427943715
HES6,-4.1202426,-0.41857946,3.784735949680076e-05,0.0002068427943715
SLC37A4,-4.120358,-0.8347415,3.782840867958586e-05,0.0002068427943715
CYSTM1,-4.1248584,-0.38626254,3.7096313398536416e-05,0.00020334371370935348
FASN,-4.1260123,-0.44026506,3.6910774855660216e-05,0.00020246797241006353
DAXX,-4.1285505,-0.44077748,3.650568652404401e-05,0.00020038586138809624
MAPK14,-4.131551,-0.7998048,3.6032387605802404e-05,0.00019806466385134913
KLHL18,-4.133974,-0.6995266,3.565436728996041e-05,0.00019626142611257116
METTL2A,-4.13859,-0.6038709,3.494472270342628e-05,0.00019262512058625504
NOL11,-4.142859,-0.5554946,3.4300261084578504e-05,0.0001892054429911265
NUP37,-4.14609,-0.63399816,3.382008104230295e-05,0.0001868190833947185
KCNH2,-4.1462054,-0.42991766,3.3803050406706723e-05,0.0001868190833947185
KIF5B,-4.146436,-0.36299875,3.376901357000286e-05,0.0001867997194312482
ZNF644,-4.147013,-0.4805917,3.3684063841607224e-05,0.00018659261034966484
MIOS,-4.152783,-0.91526407,3.284565701603046e-05,0.00018220525131420855
SMEK1,-4.154398,-0.6502318,3.2614479294841686e-05,0.00018105069601482787
WHAMM,-4.1548595,-0.73658925,3.2548712959783646e-05,0.00018081339483670475
EXOSC7,-4.1556673,-0.34386042,3.2433924925851206e-05,0.00018030324153755218
ZCCHC9,-4.1580906,-0.5728408,3.209186392457937e-05,0.00017852803904218906
SNX8,-4.1600523,-1.0011814,3.1817470588288664e-05,0.0001772526464333386
KLHL23,-4.1672063,-0.6404201,3.0835512348865155e-05,0.00017202624254285213
PTRH1,-4.170091,-0.8874411,3.0447766842755208e-05,0.00016998380138581534
NFE2,-4.171822,-0.46599957,3.0217348426386087e-05,0.0001688174053266449
DDX1,-4.1751685,-0.3727448,2.9776563729717604e-05,0.00016647324419710448
SAFB2,-4.177015,-0.48573485,2.9535995159603277e-05,0.00016524589884521634
ZMYND19,-4.181284,-0.7233373,2.8986736205481086e-05,0.00016252020906070943
PAICS,-4.183938,-0.30625394,2.865021348826675e-05,0.00016074816210738237
SNRNP70,-4.1846304,-0.39314768,2.856303768363126e-05,0.00016037359614361942
ELP6,-4.1849766,-0.4797452,2.8519544399291508e-05,0.00016024393509043978
HIST1H2BG,-4.1852074,-1.575449,2.8490583861631036e-05,0.00016019580260065268
CLCN7,-4.1876307,-0.9063282,2.818818135120679e-05,0.00015860900036800097
RAB8A,-4.1884384,-0.5021156,2.8088060422073773e-05,0.00015815893520816453
PITPNB,-4.1904,-0.64715314,2.7846315269485778e-05,0.00015691019113472796
NT5DC2,-4.191785,-0.48772174,2.767686405070911e-05,0.000156179430401092
DPCD,-4.197554,-0.80905646,2.6981312739797988e-05,0.00015247353350439797
SMARCC1,-4.1984773,-0.36740243,2.6871578812825686e-05,0.0001519627441142878
SRSF10,-4.1984773,-0.5931035,2.6871578812825686e-05,0.0001519627441142878
SPIN4,-4.198708,-1.3016194,2.684421171570303e-05,0.0001519627441142878
CSDE1,-4.200208,-0.3298119,2.666697057104748e-05,0.00015113207347444298
TSR3,-4.203439,-0.5594188,2.6288992788297226e-05,0.0001490975006152164
RPP14,-4.209324,-0.69182515,2.561358851861892e-05,0.00014537192038565868
PSMD9,-4.2100163,-0.85004956,2.5535223087988046e-05,0.00014503194313531895
NIFK,-4.2118626,-0.41121823,2.53273619862646e-05,0.00014395544746896412
ATAD3A,-4.2147474,-0.54715306,2.5005797909815685e-05,0.0001422306608121667
CDC20,-4.2156706,-0.5447089,2.4903720276207867e-05,0.0001417526976591397
REEP4,-4.221209,-0.5326758,2.4299529672040564e-05,0.0001384139271746763
OXSR1,-4.222709,-0.64735645,2.4138310366901384e-05,0.0001375953758577724
BCS1L,-4.225248,-0.5701166,2.3867793608100938e-05,0.00013615215598520905
LRIF1,-4.225248,-0.48631307,2.3867793608100938e-05,0.00013615215598520905
PRPF4,-4.231479,-0.74205804,2.3215974308543994e-05,0.00013272305545386688
OXLD1,-4.2322865,-0.3464433,2.3132730053792967e-05,0.00013234347747454023
MDH1,-4.2343636,-0.32361785,2.29199756885549e-05,0.00013122187247346847
SMIM12,-4.236902,-0.33541626,2.2662470948212845e-05,0.00012984223872954914
EIF4B,-4.240941,-0.35732946,2.2258470532751986e-05,0.00012762064674070572
TOMM20,-4.241749,-0.3260707,2.2178497279403965e-05,0.00012725500082521414
EIF2B1,-4.2429028,-0.52183336,2.2064724055512464e-05,0.0001266947422924345
ZNF24,-4.2433643,-0.4846401,2.2019370494818253e-05,0.0001265268143648847
SS18L2,-4.246364,-0.35586908,2.172672810487298e-05,0.00012502816795881118
SENP6,-4.2626343,-0.4475336,2.020309821820035e-05,0.0001166622566051241
SCOC,-4.2639036,-0.65271014,2.0088612533656648e-05,0.00011611188480638188
ATAD5,-4.264942,-0.5651938,1.9995402194830816e-05,0.00011565823581767014
MRPL17,-4.2659807,-0.724309,1.990260379005953e-05,0.0001152063027051714
UTP6,-4.2673655,-0.6111547,1.9779510396645864e-05,0.00011457821103661746
PSMD12,-4.2704806,-0.3772315,1.9505195652191114e-05,0.00011307255486934407
ERBB2IP,-4.27475,-0.5329721,1.9135162145701948e-05,0.0001110914254652541
ADPRHL2,-4.275904,-0.5790984,1.9036306666168017e-05,0.00011059925211741847
GLOD4,-4.276712,-0.5326762,1.896739746243926e-05,0.00011028046415059984
NDUFV1,-4.2780967,-0.38772315,1.8849819827539374e-05,0.00010967802573727539
DCUN1D5,-4.2785583,-0.3305719,1.881078179648719e-05,0.00010953201705812222
LUZP1,-4.278789,-0.90384537,1.879129167128138e-05,0.00010949970035453652
ACBD6,-4.27902,-0.37654042,1.8771820782329957e-05,0.00010949970035453652
BROX,-4.2837505,-0.6695587,1.837687720680418e-05,0.00010748352230785319
UTP23,-4.286289,-0.6504332,1.816823241850893e-05,0.00010634237380580301
LINC00910,-4.286751,-0.9625642,1.813054027586008e-05,0.00010620089028104468
MRPL35,-4.288251,-0.5421959,1.8008554633719656e-05,0.00010556507212527454
AURKA,-4.2945976,-0.67796844,1.750106004346855e-05,0.00010266678613998913
BLMH,-4.2966743,-0.62902266,1.7337951601244333e-05,0.00010186208663259106
SPDL1,-4.3037133,-0.7899878,1.6795900216458558e-05,9.87513444612889e-05
RPS19BP1,-4.3076367,-0.28149015,1.650082271360141e-05,9.708911042347496e-05
HSD17B10,-4.310175,-0.33835715,1.6312530159915147e-05,9.60531667212395e-05
TPGS1,-4.313637,-0.43174678,1.605906559579452e-05,9.484508289847063e-05
LEPROT,-4.3138676,-0.48615816,1.6042302118657253e-05,9.481736880515629e-05
AIDA,-4.3147907,-1.1082929,1.5975414860069677e-05,9.449313533572839e-05
FCGRT,-4.31606,-0.59401387,1.588387881962296e-05,9.402250800914722e-05
CCNA2,-4.321253,-0.50299,1.5514593123408024e-05,9.1975191686317e-05
RAB11FIP1,-4.3221755,-0.5191489,1.5449805150231518e-05,9.166028659748382e-05
PUS3,-4.32356,-0.9956633,1.535310660344156e-05,9.115544396827926e-05
QRSL1,-4.325522,-0.6652408,1.5217104242595416e-05,9.041630395278896e-05
ISG20L2,-4.3271375,-0.67912745,1.5105965532659057e-05,8.989193883260371e-05
ANKS6,-4.329676,-0.8852378,1.4932881197338999e-05,8.892932661493391e-05
ATOX1,-4.3300223,-0.40412492,1.4909425817622818e-05,8.885701046845769e-05
PUS1,-4.3303685,-0.64039415,1.4886005569498641e-05,8.878479403827777e-05
TMEM237,-4.332215,-0.76984155,1.4761688859336469e-05,8.81102325152644e-05
KEAP1,-4.3339458,-0.52689946,1.4646041533303201e-05,8.75530108402562e-05
FBL,-4.334869,-0.28753078,1.458471674175198e-05,8.725281797902651e-05
DNAAF3,-4.340292,-0.5443938,1.4229349290465917e-05,8.525670379604103e-05
OPA3,-4.342369,-0.86825144,1.4095450516556632e-05,8.451890366988727e-05
C2orf47,-4.343523,-0.57876104,1.4021582448132466e-05,8.420453373859367e-05
MOB3B,-4.346985,-1.688659,1.3802187060245118e-05,8.301391987612971e-05
PRPF39,-4.3543696,-0.90323025,1.334503662346002e-05,8.038747137828103e-05
CDK6,-4.355985,-0.5103968,1.3246978653269314e-05,7.985803324745239e-05
LARP1,-4.3572545,-0.40314364,1.3170415711146073e-05,7.94574619132507e-05
ETF1,-4.35737,-0.395159,1.3163476416071652e-05,7.94574619132507e-05
SGTA,-4.358293,-0.6302033,1.3108087490845632e-05,7.926407023910118e-05
MKNK1,-4.3586392,-0.69271773,1.308737402565906e-05,7.919978657284432e-05
COMMD4,-4.3611774,-0.4725199,1.293642664696635e-05,7.834667024820406e-05
ZHX1,-4.368678,-0.54412585,1.2500088932685476e-05,7.587959703728316e-05
EIF3B,-4.3697166,-0.427128,1.2440791417568649e-05,7.557804840294025e-05
PLEKHF2,-4.371909,-0.9838087,1.2316488057816038e-05,7.48808155527438e-05
RRAGA,-4.3720245,-0.72438234,1.2309978716495975e-05,7.48808155527438e-05
PGRMC2,-4.372717,-0.5602951,1.2270991558043907e-05,7.47198749522751e-05
DNAJC11,-4.378371,-0.92625135,1.1956977621596182e-05,7.28642817824965e-05
SF3A3,-4.3805633,-0.3132163,1.1837292850520748e-05,7.219094358760906e-05
TYW3,-4.3877172,-0.5018768,1.1454645243234368e-05,6.996597075086e-05
FANCF,-4.387948,-0.96068096,1.1442500538572782e-05,6.994618033501105e-05
REEP6,-4.388756,-0.8555266,1.1400090795587343e-05,6.974120965680575e-05
PTTG1,-4.390602,-0.39832082,1.1303716972490445e-05,6.920553142549684e-05
MRPL46,-4.391756,-0.45845354,1.124387882111625e-05,6.889287686417173e-05
CRCP,-4.392564,-0.991969,1.1202172172658126e-05,6.86909152351519e-05
MSH2,-4.3966026,-0.5395029,1.0995844735586187e-05,6.753116528383854e-05
C16orf80,-4.3985643,-0.49586213,1.0896942555528732e-05,6.697612188863709e-05
NR2C2AP,-4.3985643,-0.8209344,1.0896942555528732e-05,6.697612188863709e-05
DR1,-4.3994875,-0.524244,1.0850694789185386e-05,6.679640091618433e-05
LMNB1,-4.3999486,-0.53695774,1.0827641242464006e-05,6.670676232121942e-05
C11orf24,-4.4045644,-0.88089854,1.0599663367933592e-05,6.540483562852975e-05
GPBP1,-4.4074492,-0.3830016,1.0459512606510578e-05,6.464159836675105e-05
TROVE2,-4.4102187,-0.4680133,1.0326633974857274e-05,6.387063769488496e-05
DIAPH1,-4.4128723,-0.57185996,1.020080582477258e-05,6.314210382473491e-05
UTP20,-4.414834,-1.0825615,1.0108744944179653e-05,6.262160215814761e-05
LTV1,-4.415988,-0.52953917,1.0054962723815641e-05,6.233759447164313e-05
RSAD1,-4.418065,-1.7035489,9.958842700207203e-06,6.179044977103284e-05
NOL12,-4.41945,-0.45288438,9.895250935856462e-06,6.144442379537748e-05
TBC1D23,-4.423835,-0.67260325,9.696425814024525e-06,6.025745630471728e-05
UQCRFS1,-4.426373,-0.26325327,9.583066829142017e-06,5.960015039026963e-05
CHRAC1,-4.433066,-0.47824246,9.290247808125901e-06,5.796258660272356e-05
MTERFD3,-4.433643,-0.8568823,9.265408996427665e-06,5.789959241602172e-05
NME6,-4.434566,-0.65699697,9.225798823040331e-06,5.7743944027873945e-05
NDUFV3,-4.4350276,-0.41476914,9.206054457625876e-06,5.7712336603871714e-05
UMPS,-4.4412584,-0.6062869,8.94342554012138e-06,5.611070895978709e-05
NVL,-4.447259,-0.70268244,8.697300762660452e-06,5.465383799255828e-05
LRRC58,-4.4479513,-0.73635006,8.669321905612791e-06,5.452163616380183e-05
C10orf2,-4.4545283,-1.3618639,8.407778118983708e-06,5.304666435712211e-05
RNF6,-4.4554515,-0.9361931,8.371679351002475e-06,5.2861367606209356e-05
NOS3,-4.4554515,-1.2044343,8.371679351002475e-06,5.2861367606209356e-05
CCT4,-4.459952,-0.28716823,8.197808994477761e-06,5.187477271200346e-05
HTATSF1,-4.463183,-0.5859754,8.075113448573718e-06,5.1153238821408514e-05
MT-ATP8,-4.4652596,-0.7578464,7.997166842413274e-06,5.07003596022246e-05
THAP11,-4.4672213,-0.6626325,7.924211427576554e-06,5.027841741810488e-05
ABCE1,-4.472414,-0.5087416,7.73415265754367e-06,4.91121819927288e-05
HIST1H2BD,-4.4742603,-1.1793083,7.667632590770514e-06,4.875548941190868e-05
TUBG1,-4.4754143,-0.48664883,7.626335712062207e-06,4.858464478365664e-05
TDG,-4.4814143,-0.5580972,7.414997502581106e-06,4.731503280485344e-05
AKAP11,-4.482453,-0.7435171,7.37899295252368e-06,4.712356881469391e-05
SKA3,-4.4861455,-0.78042597,7.2523259235500125e-06,4.635233533725415e-05
COQ9,-4.48753,-0.6516059,7.205364042241236e-06,4.608968611710498e-05
RFESD,-4.4899535,-0.6188194,7.123879715117526e-06,4.5605603229216105e-05
ZNF580,-4.4924917,-0.5140147,7.03946075575142e-06,4.513874631545094e-05
REPIN1,-4.5026464,-0.54888403,6.7112551385586116e-06,4.3104586355991734e-05
AUP1,-4.5039153,-0.3696779,6.671273839774104e-06,4.288286089314696e-05
RAD23A,-4.507031,-0.29357383,6.574101660514934e-06,4.229284892984833e-05
TCEB3,-4.5086465,-0.537951,6.524250653114767e-06,4.2006548262472535e-05
LSM14A,-4.5133777,-0.39376068,6.380330317265858e-06,4.111361332413726e-05
ZFR,-4.523878,-0.4153247,6.0716720504574536e-06,3.918897613503969e-05
TMEM101,-4.5268784,-0.6097489,5.986142252588721e-06,3.866870673855625e-05
C9orf142,-4.530109,-0.45902887,5.895323105490211e-06,3.8144780060647125e-05
ZNF273,-4.531032,-0.6721552,5.869617954011596e-06,3.8009768366662066e-05
UVRAG,-4.5341477,-0.78424627,5.783652699779897e-06,3.748398676301245e-05
PNKD,-4.549033,-0.39764577,5.3892958632919385e-06,3.5043807124303126e-05
HIAT1,-4.54961,-0.6560511,5.374541200413346e-06,3.4976819493990745e-05
URB1,-4.553072,-1.0968001,5.286822108124139e-06,3.443448396294785e-05
SAR1A,-4.5576873,-0.55122805,5.171993591542591e-06,3.371453083947473e-05
ING1,-4.559072,-1.0667931,5.138013331058605e-06,3.3520842786931346e-05
NSD1,-4.5620723,-0.5204262,5.065121305387267e-06,3.307275798322276e-05
CENPF,-4.563457,-0.42847392,5.031813810634211e-06,3.2909989577461884e-05
HSPA4L,-4.564611,-1.0998487,5.004217885945476e-06,3.275677624508476e-05
RCL1,-4.574765,-1.315686,4.767544153779064e-06,3.128576384956938e-05
LYRM7,-4.579381,-0.6323852,4.66354496109257e-06,3.065451520450388e-05
AGPAT3,-4.5852656,-0.6939588,4.534094812179201e-06,2.9828571817142064e-05
PSMD2,-4.5893044,-0.421883,4.447255950127122e-06,2.9330978579553774e-05
RAE1,-4.5911508,-0.6084988,4.40809101131063e-06,2.909710495281092e-05
PRPF38B,-4.592651,-0.45497477,4.37651303224836e-06,2.8912960360227808e-05
MT-ND3,-4.5943813,-0.46174896,4.340346212248401e-06,2.869816455994208e-05
CTC-524C5.2,-4.597151,-0.77883095,4.283074248278685e-06,2.8367241332402255e-05
HNRNPDL,-4.6006126,-0.3304047,4.2125021216808394e-06,2.7923379042871722e-05
NCLN,-4.6011896,-0.6657407,4.200848962633593e-06,2.786965253503959e-05
IDH3B,-4.6025743,-0.43601662,4.173007280674662e-06,2.7708345046237926e-05
DDX20,-4.606728,-1.0086668,4.090539200442294e-06,2.7206761574491296e-05
CENPM,-4.607536,-0.49355724,4.074686151787154e-06,2.7124287900244148e-05
PAXBP1,-4.607651,-0.6879308,4.0724262427628365e-06,2.7124287900244148e-05
RALA,-4.6121516,-0.49999902,3.985220761917833e-06,2.657377681227893e-05
RFC3,-4.6165366,-0.6137927,3.901974653668297e-06,2.6040790912968966e-05
TMEM70,-4.6236906,-0.5152053,3.7697189022628994e-06,2.5200971895553253e-05
TRIM24,-4.6269217,-0.5313676,3.7114091448971933e-06,2.485346874097822e-05
GNPDA1,-4.632114,-0.59391123,3.619504458866201e-06,2.4341787264035968e-05
DDX21,-4.644692,-0.40584505,3.4058464435908483e-06,2.296388310249452e-05
C6orf120,-4.6464224,-0.6519506,3.3774081474892696e-06,2.2811299224873783e-05
ASH2L,-4.650346,-0.5318505,3.3137886249067405e-06,2.2400868888676804e-05
PSMC4,-4.6514997,-0.41245863,3.295296789094109e-06,2.2295052780649635e-05
GUF1,-4.6519613,-0.62883097,3.2879277994456846e-06,2.226437315917746e-05
TSFM,-4.6566925,-0.49804053,3.2133012135924003e-06,2.1796615745050348e-05
RRP15,-4.6583076,-0.6827842,3.188193107100579e-06,2.1644992961344036e-05
RDH13,-4.6592307,-1.8882005,3.173930219114446e-06,2.157889265424281e-05
PHF23,-4.6615386,-0.66078645,3.1385402603016573e-06,2.1363287473717084e-05
GTF3A,-4.661654,-0.27346075,3.1367807350639835e-06,2.1363287473717084e-05
BUB1,-4.6653466,-0.63314307,3.0809728881589056e-06,2.1007848990007122e-05
WBP11,-4.672385,-0.57301486,2.9772164215372177e-06,2.031801476209804e-05
SAFB,-4.674347,-0.51222706,2.948903301345605e-06,2.0142291680060633e-05
CHI3L2,-4.676078,-0.47846028,2.9241358203501973e-06,1.9990502061663013e-05
ZC3H13,-4.6763086,-0.4443865,2.920848607814953e-06,1.9985423183263465e-05
PPP5C,-4.67677,-0.7132445,2.9142848160493996e-06,1.9957896451672218e-05
ATAD3B,-4.678732,-1.0765922,2.886546248572559e-06,1.9785183928915753e-05
RBM18,-4.6830015,-0.559939,2.827047081986322e-06,1.94112367386386e-05
ALG3,-4.6905017,-0.46666062,2.7253599116651014e-06,1.874579869188211e-05
TUSC2,-4.6918864,-0.50768167,2.7069747820180912e-06,1.8652006063817637e-05
UBE3A,-4.6928096,-0.68878484,2.694784217208953e-06,1.8584310821928295e-05
NSDHL,-4.7031946,-0.8220506,2.5612206887511186e-06,1.767872452560636e-05
RAD1,-4.70331,-0.55543196,2.559772963732625e-06,1.767872452560636e-05
MRPL15,-4.7037716,-0.38541988,2.5539899145014148e-06,1.7659851037331526e-05
PWP1,-4.708503,-0.54151314,2.4954321765195303e-06,1.7279926975678676e-05
DDX3X,-4.714618,-0.54722667,2.421643248939711e-06,1.6789062418730298e-05
EMP3,-4.7162337,-0.31473553,2.402504347091535e-06,1.668582815774006e-05
EPB41,-4.7178493,-0.39274165,2.3835107086856617e-06,1.6568563377633517e-05
SCARB1,-4.7181954,-0.80064166,2.379459441095332e-06,1.6555052178745645e-05
NCK1,-4.7277727,-0.75461924,2.2699602302461234e-06,1.580721419200647e-05
CNOT10,-4.733081,-0.6441006,2.211375009685203e-06,1.5426599201667204e-05
HIST1H2AM,-4.73735,-0.76172495,2.165308505641149e-06,1.5118665166054423e-05
CCNT2,-4.7380424,-0.7946263,2.1579256450993683e-06,1.5080521300939092e-05
POLR3G,-4.7398887,-1.3980994,2.1383560183325016e-06,1.4957067252005166e-05
HBS1L,-4.740004,-0.60501134,2.1371385928014673e-06,1.4957067252005166e-05
ARHGDIA,-4.743235,-0.5112077,2.1033196811202596e-06,1.4738248077787368e-05
THRAP3,-4.745197,-0.3526079,2.083038180987619e-06,1.4609165099694417e-05
WBSCR22,-4.748197,-0.3697866,2.052382315864879e-06,1.4407026891080093e-05
N4BP1,-4.7508507,-0.9258308,2.0256252997368743e-06,1.4231920151550222e-05
ZNF106,-4.7586975,-0.62570983,1.948463130683066e-06,1.3714317107092727e-05
GTPBP4,-4.7598515,-0.40092826,1.937356694383679e-06,1.3660625524581507e-05
GTF2H1,-4.7604284,-0.8717291,1.9318263088803552e-06,1.3633868514155608e-05
HSPA14,-4.761928,-0.56667966,1.917518196233451e-06,1.3545058841199421e-05
GEMIN5,-4.764467,-1.1451972,1.8935361098904266e-06,1.338769229810018e-05
TIMM8B,-4.764813,-0.34775662,1.8902882382819843e-06,1.3376769470004492e-05
FARSA,-4.7650437,-0.5029395,1.8881259648160588e-06,1.3373516189026277e-05
TWISTNB,-4.7681594,-0.5803505,1.8591668577420803e-06,1.3180284898523502e-05
NOM1,-4.7687364,-0.657432,1.853851101549059e-06,1.3154471908462384e-05
MAK16,-4.77416,-0.74258715,1.8045916732280577e-06,1.2816516811217354e-05
SDE2,-4.776352,-0.6924148,1.7850374066941702e-06,1.270060582389738e-05
FKBP5,-4.7777367,-0.6078363,1.772792425402207e-06,1.2632162813329928e-05
FBXO22,-4.779929,-0.5073252,1.7535694626866384e-06,1.2510706747868794e-05
ASCC3,-4.7883525,-0.84257615,1.6815593604172837e-06,1.2007862523707056e-05
HAGHL,-4.790776,-1.0957608,1.6613761858258976e-06,1.1874531337272452e-05
NLE1,-4.792622,-1.0698402,1.6461550239376642e-06,1.1776455112049501e-05
H1FX,-4.7942376,-0.47090444,1.6329465401659203e-06,1.1692611734734097e-05
RGCC,-4.794353,-1.6055517,1.6320069853486623e-06,1.1692611734734097e-05
BRIX1,-4.7971225,-0.37162095,1.6096129308003704e-06,1.1546584083504028e-05
MRPL20,-4.80093,-0.39455244,1.5793028994635971e-06,1.1360278640372304e-05
FAM210A,-4.8036995,-1.3383304,1.5576046599064866e-06,1.1224756517032524e-05
MRPL44,-4.806123,-0.65179354,1.5388540448406427e-06,1.1099814988267444e-05
MTG2,-4.8069305,-1.0001347,1.5326522050123126e-06,1.1065241792621061e-05
DPH2,-4.8155847,-0.88393164,1.4676941607903206e-06,1.0615780509215442e-05
C1orf131,-4.8157,-0.5313921,1.466846200780773e-06,1.0615780509215442e-05
NUDT22,-4.8161616,-0.7023968,1.4634590689188586e-06,1.0604678031695234e-05
PRR5,-4.82147,-0.8308032,1.425043628577085e-06,1.0345395288792055e-05
MIF,-4.8217006,-0.4850559,1.4233955826329139e-06,1.0342990103220663e-05
SMEK2,-4.822393,-0.5329746,1.4184624341102097e-06,1.0316687425866385e-05
CSTF1,-4.823316,-0.8013282,1.4119104717683927e-06,1.0278551210139688e-05
ARHGAP6,-4.8234315,-0.935414,1.4110935256640565e-06,1.0278551210139688e-05
FAM104A,-4.824124,-0.64147705,1.4062013864809706e-06,1.0255999898614693e-05
DHX30,-4.831047,-0.66313016,1.3581686280673396e-06,9.92410657997112e-06
CENPP,-4.8347397,-0.7917297,1.3332004024148424e-06,9.750734786749151e-06
DUSP14,-4.8355474,-0.68470883,1.3277977548901288e-06,9.720271542089434e-06
PLA2G12A,-4.854125,-0.50750834,1.2091934397530735e-06,8.876835952579805e-06
FSCN1,-4.855625,-0.5225191,1.2000747207585772e-06,8.818135576762042e-06
SETD2,-4.8597794,-0.4777636,1.1751668459616159e-06,8.643198103959262e-06
AKAP8,-4.860587,-1.0617839,1.1703817548039521e-06,8.616071868776985e-06
MRPL37,-4.8645105,-0.33140758,1.1474053045679263e-06,8.454848656079795e-06
ZNF22,-4.8686643,-0.4344082,1.1235505477416222e-06,8.310253815923205e-06
RPUSD1,-4.87928,-0.871919,1.0647367254858285e-06,7.882664447399796e-06
PSMG3,-4.888281,-0.4180264,1.017204185098304e-06,7.552116137946292e-06
AQP10,-4.890819,-1.606962,1.0041711996106435e-06,7.469474216800762e-06
NUDT3,-4.893704,-0.41393486,9.89556086686286e-07,7.3677374985031054e-06
BLOC1S4,-4.897166,-0.40153465,9.722881420810945e-07,7.246037339703034e-06
HSPE1,-4.8985505,-0.2717346,9.654625030439578e-07,7.202001862687833e-06
GRWD1,-4.900166,-0.758793,9.575575539038166e-07,7.163442462775695e-06
CEP57L1,-4.900974,-0.6996126,9.536284821955242e-07,7.140850074018915e-06
MPC2,-4.90132,-0.5181326,9.519493497442638e-07,7.135078380001137e-06
NDUFS2,-4.9014354,-0.47324258,9.513902717245519e-07,7.135078380001137e-06
PPT1,-4.912051,-0.4049332,9.012854522145985e-07,6.78122339764911e-06
PSMC5,-4.9144745,-0.36282358,8.902099314278e-07,6.710747611675018e-06
ICAM2,-4.9218593,-0.7462767,8.572583942448069e-07,6.468553973864514e-06
PRADC1,-4.9262443,-0.58896667,8.382525476428094e-07,6.331224770898335e-06
FEZ1,-4.9312057,-1.3013914,8.172353015895548e-07,6.1784247295341214e-06
QTRT1,-4.938014,-0.7155319,7.8922199967051e-07,5.9781473552669775e-06
DDX28,-4.9411297,-0.88018805,7.76713023534946e-07,5.894764057842513e-06
COA6,-4.9427447,-0.43343207,7.703022966661298e-07,5.8517645457567215e-06
PTPLAD1,-4.9477067,-0.5107209,7.509293154085934e-07,5.715649004393896e-06
FDPS,-4.9488606,-0.37793964,7.464917087381323e-07,5.68738348413e-06
LRRC61,-4.9556684,-0.73324716,7.208196088061725e-07,5.502466498709899e-06
NDUFB4,-4.9568224,-0.31363553,7.16553570507043e-07,5.4752220781447685e-06
MDM2,-4.977362,-0.90587705,6.445668894251111e-07,4.94440714495532e-06
BAG5,-4.9842854,-0.92228884,6.219120392697701e-07,4.784641594969681e-06
COMTD1,-4.9861317,-0.9218106,6.160015756887875e-07,4.743816055917085e-06
MLLT3,-4.9884396,-1.363624,6.086896025177806e-07,4.69671594084201e-06
MAZ,-4.9893627,-0.46047026,6.057882996671798e-07,4.678925362719466e-06
RBM17,-4.992132,-0.35483608,5.971641485615946e-07,4.616854711566266e-06
DAD1,-4.9936323,-0.2830103,5.92542273252323e-07,4.590157353448715e-06
PWP2,-4.995709,-1.1244813,5.861996440976487e-07,4.5455066183485e-06
CMPK1,-4.9967475,-0.45853612,5.830529223100821e-07,4.530050153062013e-06
MRPS30,-4.99744,-0.47984192,5.809641609189508e-07,4.518290578235999e-06
PPP1R8,-5.000094,-0.64236575,5.730238675246858e-07,4.465379443855563e-06
RELN,-5.001825,-0.6733175,5.679018910921679e-07,4.429860332203553e-06
ATF1,-5.002402,-0.7248145,5.662043952271509e-07,4.421009467703051e-06
PUS7,-5.0026326,-0.96961,5.655267674432436e-07,4.420112197280277e-06
EIF4A2,-5.005979,-0.36759183,5.557885914679238e-07,4.348326081653926e-06
SBNO1,-5.008748,-0.49284467,5.478518623270921e-07,4.290504863987347e-06
PALB2,-5.011056,-1.2670119,5.413214995989149e-07,4.24359319296355e-06
NAP1L4,-5.0124407,-0.6248148,5.374393763542898e-07,4.217368932330616e-06
CAND1,-5.0144024,-0.6446821,5.319856232579367e-07,4.182930000691784e-06
BAG4,-5.0257106,-0.77879727,5.015717932891718e-07,3.947741920126698e-06
CDC37,-5.028826,-0.4293787,4.934915856576182e-07,3.888040526921354e-06
FUOM,-5.044404,-0.7507322,4.549375647706909e-07,3.5914920314309317e-06
XRCC2,-5.0448656,-0.7559399,4.538407504614535e-07,3.586437721201929e-06
HSPH1,-5.0464807,-0.5758165,4.5002195194476465e-07,3.5598413217785762e-06
ZNF609,-5.0467114,-0.83851385,4.494789460520628e-07,3.559130162539267e-06
FASTKD3,-5.0485578,-1.0783565,4.4515759385480956e-07,3.528469121825963e-06
HOXB4,-5.055712,-0.4992269,4.2878780914990155e-07,3.4055897278791475e-06
CCDC71,-5.0558276,-1.0737729,4.285285998704871e-07,3.4055897278791475e-06
SSBP4,-5.058481,-0.60697234,4.226083402814886e-07,3.3667226297272745e-06
TIMM22,-5.059635,-0.6536547,4.20058999030319e-07,3.3498105963280766e-06
SURF6,-5.0643663,-0.76277274,4.097609630754918e-07,3.274336078288899e-06
RP11-132A1.4,-5.0739436,-2.1878057,3.896542650557427e-07,3.120014528045728e-06
SSX2IP,-5.0950603,-0.7737507,3.48630473340066e-07,2.802960458634819e-06
GCDH,-5.0979447,-0.9544217,3.433606345178727e-07,2.7634198607970187e-06
TFAP2B,-5.0984063,-0.9380716,3.425246279308083e-07,2.7623521071832637e-06
SRRM2,-5.105099,-0.33822203,3.3062111850771103e-07,2.671840417570031e-06
SDHD,-5.110061,-0.4542862,3.220549253879994e-07,2.61336925508547e-06
MRPS21,-5.115715,-0.32212162,3.1255459603043387e-07,2.5389000535874436e-06
URB2,-5.1184845,-1.3673707,3.0800066193003775e-07,2.504498136087419e-06
NRIP1,-5.131985,-0.71553385,2.8670220444038047e-07,2.3410039666103833e-06
RP11-85G21.3,-5.132216,-0.6739077,2.863507924408587e-07,2.3405676114702863e-06
CD9,-5.1330237,-1.1286263,2.851241231119575e-07,2.3329687365046106e-06
HIST1H1D,-5.1338315,-0.63824886,2.83902529158914e-07,2.3253955855508545e-06
CDV3,-5.137639,-0.44665086,2.7821134147581165e-07,2.2835424109639503e-06
JTB,-5.1407547,-0.26903164,2.7363701810439167e-07,2.2530595148951745e-06
LSM1,-5.1415625,-0.4437499,2.7246299155961073e-07,2.2457469031487326e-06
NOL10,-5.145486,-0.6118732,2.6682943406974006e-07,2.201623114094336e-06
TMPO,-5.15264,-0.4892612,2.5684478215643295e-07,2.123700804040822e-06
FTSJ2,-5.1528707,-0.58147335,2.5652878186228685e-07,2.1233230574586545e-06
ENDOG,-5.1612945,-0.6780328,2.452483481260335e-07,2.032094698871301e-06
HNRNPA1,-5.1678715,-0.25052598,2.3677501489800784e-07,1.963957488937541e-06
TMEM11,-5.1705256,-0.6278584,2.3343665440335975e-07,1.9383138692794827e-06
REXO4,-5.170641,-0.6857944,2.33292544722793e-07,1.9383138692794827e-06
TXNDC17,-5.177795,-0.35834324,2.2452367326816215e-07,1.8702369602560061e-06
IFNGR1,-5.1837955,-0.80574137,2.1741548425547003e-07,1.8148763324407196e-06
AASDHPPT,-5.183911,-0.57011116,2.1728094263812093e-07,1.8148763324407196e-06
ANAPC15,-5.1880646,-0.5760387,2.1249066928251128e-07,1.7794394533199639e-06
TFB2M,-5.1900263,-0.822236,2.1026422725929938e-07,1.7626739649112023e-06
TRNT1,-5.197296,-0.66255546,2.022082209033884e-07,1.696950400850551e-06
HNRNPAB,-5.199258,-0.36713666,2.0008600462463052e-07,1.6809364345737677e-06
CENPT,-5.199258,-0.8418032,2.0008600462463052e-07,1.6809364345737677e-06
EGLN1,-5.204681,-0.89905936,1.9433012673635526e-07,1.6378359930408482e-06
PINX1,-5.212297,-0.9919508,1.8651685222480267e-07,1.575365456156801e-06
BCL2L12,-5.2163353,-0.50458235,1.8249756661929282e-07,1.543076841544182e-06
PSMA2-1,-5.2163353,-0.5558731,1.8249756661929282e-07,1.543076841544182e-06
EEF1A1,-5.2193356,-0.45893395,1.7956614586006318e-07,1.5215664247365654e-06
ARMC1,-5.2216434,-0.7781162,1.7734223478476536e-07,1.504344766991719e-06
CIAO1,-5.2256823,-0.72922915,1.735143041699535e-07,1.4734647127080917e-06
SPATC1L,-5.2272973,-0.45902577,1.7200560622307577e-07,1.4622338061496324e-06
HBA2,-5.2316823,-1.834698,1.67974223917581e-07,1.4295097820938232e-06
RRP8,-5.2322593,-0.8947184,1.674506287875359e-07,1.4265994459068271e-06
GFM1,-5.2337594,-0.871145,1.6609665610605629e-07,1.4166006880706536e-06
FAM208B,-5.236529,-0.74546593,1.6362477327174673e-07,1.3970354283147506e-06
NSRP1,-5.242298,-0.62594545,1.5858874713965734e-07,1.3555109997627948e-06
MAGEA3,-5.246106,-0.44630483,1.5534743008275419e-07,1.3292527922658324e-06
PNPT1,-5.2470293,-0.6936371,1.5457135756367775e-07,1.3240545405263783e-06
ASPM,-5.250722,-0.68265146,1.5150439258886985e-07,1.3006196762683855e-06
ATP6V1C1,-5.2524524,-0.9571136,1.5008709197274208e-07,1.291275035537666e-06
AGL,-5.255799,-1.1020069,1.4738324928827503e-07,1.2694028762712724e-06
RABL6,-5.2621455,-0.5075027,1.4238409704010362e-07,1.2303928297579912e-06
DNMT1,-5.2624917,-0.50624484,1.4211618617654418e-07,1.229430222925941e-06
ANKRD39,-5.2632995,-0.7230734,1.4149295562964885e-07,1.2253882761531332e-06
TRMT1,-5.264684,-0.7059813,1.4043070561953648e-07,1.2175311177058047e-06
MPZL1,-5.2672224,-0.59196806,1.385032473059646e-07,1.202146969710886e-06
PPP1R35,-5.270915,-0.7217244,1.357452838229082e-07,1.1795123942798052e-06
GTPBP3,-5.2725306,-0.7957951,1.3455544939410632e-07,1.170468499435997e-06
CTU1,-5.283954,-1.0917641,1.264248936288093e-07,1.100961795403877e-06
TBCC,-5.284185,-0.6384962,1.262656410495085e-07,1.1007953501042056e-06
DFFA,-5.2882237,-0.73294014,1.2350993675880047e-07,1.0779672813781973e-06
VARS,-5.294339,-0.6154316,1.1944747638776173e-07,1.0436706640999649e-06
BFAR,-5.30184,-0.69471353,1.1464150516027083e-07,1.0027940122872243e-06
WDR74,-5.302417,-0.5094791,1.1427966714080399e-07,1.001376296049282e-06
CNST,-5.306455,-0.80371493,1.1177756649181385e-07,9.810198712773158e-07
NDUFA5,-5.3121095,-0.363272,1.0836350881591507e-07,9.521200914418488e-07
MRS2,-5.3123403,-0.6940202,1.0822632511935848e-07,9.519796011338868e-07
EMC6,-5.316379,-0.41509357,1.0585264264236592e-07,9.321440672150049e-07
THUMPD1,-5.3271103,-0.80732596,9.97876530206665e-08,8.826937099969993e-07
CDC27,-5.327341,-0.76606846,9.966099115678728e-08,8.825671764786517e-07
FUS,-5.331495,-0.41463912,9.740751210404287e-08,8.635846586650754e-07
AHSA1,-5.3381877,-0.62785226,9.388028194975478e-08,8.33253801938219e-07
KIAA1191,-5.3419957,-0.79418015,9.192893526307972e-08,8.168572245378859e-07
RCN2,-5.343149,-0.57373154,9.13454109094271e-08,8.125913960289353e-07
RCC1,-5.350073,-0.85095865,8.791884369547582e-08,7.829960512788692e-07
SKP2,-5.363458,-0.83318317,8.164359380634112e-08,7.28761851532738e-07
RUVBL2,-5.3644967,-0.4379587,8.117527979226763e-08,7.254059417158841e-07
TMEM203,-5.366574,-0.6359786,8.024644311813563e-08,7.179223356411792e-07
BPGM,-5.3739586,-0.8305836,7.702653871296059e-08,6.899013245043391e-07
MYH10,-5.3794975,-0.85935646,7.469408867919849e-08,6.697740486017171e-07
ZNF576,-5.384805,-0.9168892,7.252310100369153e-08,6.510502381531394e-07
TOMM7,-5.385959,-0.3970638,7.205930011492551e-08,6.476267762045078e-07
CTCF,-5.3883824,-0.66850424,7.109465105933199e-08,6.40422573475978e-07
IBTK,-5.3919597,-1.0706775,6.969347050090995e-08,6.285214819571156e-07
PRKRIR,-5.3946133,-0.85851276,6.867120903785892e-08,6.200141919452664e-07
XRCC5,-5.405922,-0.39200616,6.447594263535668e-08,5.848250916867514e-07
PPP1R14B,-5.4221916,-0.51802427,5.8872667286748813e-08,5.358572439599211e-07
ADK,-5.4311924,-0.6976908,5.5978792737170796e-08,5.107008326950948e-07
WDR4,-5.4473467,-1.024855,5.112669518122214e-08,4.680654902663169e-07
HYAL2,-5.448616,-0.88985455,5.0763229225659907e-08,4.6528023986879647e-07
TMEM160,-5.4554243,-0.41283342,4.8856068957624195e-08,4.488472767978223e-07
PPP4R2,-5.4557705,-0.56356,4.876097348721354e-08,4.4849818119679433e-07
RNASE1,-5.4572706,-1.3337779,4.835096233903281e-08,4.4524831087116376e-07
SLC27A5,-5.457386,-0.6520834,4.8319561815162936e-08,4.4524831087116376e-07
FKBPL,-5.4584246,-1.0252236,4.803784520121788e-08,4.4340455235671735e-07
CA8,-5.4590015,-0.73626274,4.788202461785222e-08,4.424862392626226e-07
PSME3,-5.459232,-0.641335,4.78198336672545e-08,4.424320299838447e-07
SLC16A1,-5.4756174,-0.6636177,4.359885166237674e-08,4.048096688037462e-07
SNRNP40,-5.483926,-0.36156023,4.15989741735817e-08,3.8853738660342956e-07
THUMPD3,-5.48681,-0.6349705,4.092560435477272e-08,3.8270312167469017e-07
DTYMK,-5.5025034,-0.42883074,3.744358776466579e-08,3.509777826866942e-07
ZDHHC3,-5.5049267,-0.66289914,3.6932199211455035e-08,3.4659787909913894e-07
ERH,-5.507927,-0.29895425,3.630843049160536e-08,3.411515807554546e-07
USP10,-5.515427,-0.6291756,3.47933796139282e-08,3.273077806795282e-07
TMEM98,-5.5208507,-0.52893966,3.373626828499741e-08,3.177438697585787e-07
UCK2,-5.5261583,-0.67348975,3.2731848976633074e-08,3.0865387000174405e-07
STX3,-5.532505,-0.5790687,3.156895379624687e-08,2.99485666750627e-07
PPOX,-5.534236,-0.9222264,3.125882122768347e-08,2.969021048893031e-07
HDGF,-5.536313,-0.50867677,3.0890562405012564e-08,2.937595250500892e-07
UBE2J2,-5.544852,-0.58625907,2.9420339702944782e-08,2.8011729498985607e-07
IGF2BP2,-5.553506,-0.8548805,2.799960710675645e-08,2.6723804838830125e-07
SRRD,-5.5606604,-0.8975452,2.687560412427665e-08,2.571350431135117e-07
DGCR14,-5.5657372,-0.6964494,2.6104617295003422e-08,2.500631327466486e-07
METTL2B,-5.5781994,-0.7971799,2.4302082275738544e-08,2.3336534997057002e-07
BRI3BP,-5.579007,-0.8817876,2.41895159172074e-08,2.3256872402651668e-07
UBALD1,-5.5938926,-0.93176335,2.2203432836839395e-08,2.1373525114384e-07
NHP2,-5.601162,-0.3583625,2.1291939013850696e-08,2.0521249196784934e-07
TXNRD1,-5.608778,-0.6510196,2.0376024289952124e-08,1.9686798376085357e-07
HEATR1,-5.611086,-0.8496848,2.0106108210947656e-08,1.9449935960220914e-07
MRPL23,-5.611432,-0.35755703,2.0065921382151465e-08,1.9434995370752128e-07
GNL2,-5.619163,-0.43669513,1.9188466635807606e-08,1.8608074743736882e-07
MPHOSPH10,-5.619509,-0.5946448,1.9150061825249453e-08,1.8593786852575333e-07
HNRNPU,-5.620548,-0.41112572,1.9035294652081703e-08,1.8505227659913587e-07
CTSL,-5.6221633,-0.49801,1.8858094197302683e-08,1.8355679048303913e-07
MGST1,-5.6257405,-0.69588786,1.8471402980717004e-08,1.8001596825500256e-07
SLC19A1,-5.6285095,-1.2340504,1.8177327806569978e-08,1.7737007443553686e-07
GTF2I,-5.6288557,-0.8167251,1.8140889621528813e-08,1.7723468653869256e-07
MED11,-5.630356,-1.0035343,1.7983808767451534e-08,1.7591882673515793e-07
KDM1A,-5.6346254,-0.6304681,1.7543927226092428e-08,1.7182986079919705e-07
AC010642.1,-5.636818,-0.5987196,1.7322120597629085e-08,1.7008157161797057e-07
COX11,-5.6415486,-0.790791,1.6852724774689382e-08,1.65887409906247e-07
EXO1,-5.6440873,-0.9981748,1.6605970637613197e-08,1.6366361274586156e-07
MT-ND6,-5.653203,-0.53153986,1.5748490771703896e-08,1.556030125933762e-07
STRN3,-5.658396,-0.7833875,1.5279443758763792e-08,1.5134934517665774e-07
ATP5G1,-5.665435,-0.30296415,1.4665234382411389e-08,1.4544875766899174e-07
PDCD2L,-5.678243,-0.99044424,1.360853503409927e-08,1.3513911844860906e-07
PABPC4,-5.6813583,-0.56699616,1.3362906280103676e-08,1.3286788459520807e-07
DDX56,-5.689205,-0.7164818,1.2763215849623148e-08,1.272272341355201e-07
RAI14,-5.691859,-0.9248165,1.2566361138144227e-08,1.2542410005098208e-07
STIP1,-5.7050133,-0.54747415,1.1633387150697718e-08,1.1640796951430645e-07
HNRNPF,-5.7057056,-0.45412013,1.1586194629388133e-08,1.1608362093602524e-07
C1GALT1,-5.7059364,-0.86411786,1.157050517009192e-08,1.1607448034619672e-07
SNX9,-5.7059364,-0.80031705,1.157050517009192e-08,1.1607448034619672e-07
MRPS17-1,-5.71136,-1.0713391,1.120769002775427e-08,1.1286718611283305e-07
CR1L,-5.714245,-1.0831573,1.1019232759976104e-08,1.1125459296865334e-07
TSR1,-5.719668,-0.7765062,1.0673235444971277e-08,1.0789995420881517e-07
SLC10A4,-5.720822,-1.2437968,1.0600993191213618e-08,1.0730773391363786e-07
NDUFAF4,-5.7253222,-0.5799294,1.0323762160508324e-08,1.046363248655392e-07
CALR,-5.725553,-0.38475883,1.030973677021417e-08,1.0462917613699264e-07
ERMAP,-5.728207,-1.5969342,1.0149769971753702e-08,1.031389949911065e-07
PHB2,-5.7337456,-0.5383161,9.823659329604612e-09,9.995446118399512e-08
CIAPIN1,-5.739169,-0.7868416,9.51422218947596e-09,9.693153735192433e-08
TRIB2,-5.739977,-0.8037406,9.468954103818258e-09,9.659562920193819e-08
NDUFAF3,-5.7511697,-0.55311155,8.862813376309846e-09,9.088433299074914e-08
QTRTD1,-5.7552085,-1.2008405,8.65350302848266e-09,8.908684965757707e-08
CCDC6,-5.7568235,-0.9392266,8.571131455389815e-09,8.835464249617717e-08
DHX9,-5.765478,-0.502027,8.142670952203067e-09,8.404820017024323e-08
DDX24,-5.7661705,-0.7388891,8.109308350997027e-09,8.387134432292841e-08
EXOSC3,-5.775286,-0.67900795,7.682238756569041e-09,7.960947946286256e-08
GULP1,-5.775517,-1.2679465,7.671715841859099e-09,7.960545302219713e-08
TMEM99,-5.78671,-0.65279067,7.1778401667931554e-09,7.467805895385462e-08
PWWP2A,-5.797441,-0.96579975,6.7334396820241445e-09,7.024059588618812e-08
RNMTL1,-5.803557,-1.2618358,6.492273010273935e-09,6.799573932760236e-08
NSUN2,-5.8037877,-0.8210015,6.4833388571075185e-09,6.799282606485921e-08
ST13,-5.8074803,-0.36735445,6.342008235141568e-09,6.668872113391836e-08
MATK,-5.812442,-0.9226875,6.156805687637593e-09,6.491504520321248e-08
EIF2B3,-5.8153267,-0.62413424,6.051559546292425e-09,6.389112934963305e-08
WDR61,-5.819481,-0.55241215,5.9030737128270016e-09,6.249143398147722e-08
GAMT,-5.8242116,-0.48791122,5.738279763507061e-09,6.082886308009172e-08
LIN28B,-5.8339043,-0.74518234,5.414511995374031e-09,5.747431314008516e-08
NOP2,-5.8372507,-1.1795324,5.306917687506042e-09,5.6408441725791546e-08
RBFA,-5.8469434,-0.87270635,5.006871517222982e-09,5.3291295078301514e-08
EIF5AL1,-5.8581367,-1.3936176,4.680899382945707e-09,5.0025121976923175e-08
CPED1,-5.8581367,-0.6406886,4.680899382945707e-09,5.0025121976923175e-08
TSPAN13,-5.859867,-0.6293089,4.63237130541381e-09,4.96415779045368e-08
MFAP1,-5.866329,-0.8364154,4.4554882177601056e-09,4.78112840853902e-08
PGM2,-5.869445,-0.93045664,4.372571098627943e-09,4.711460353871399e-08
HK1,-5.870945,-0.65935946,4.3331855469702585e-09,4.675435779045519e-08
DDX42,-5.879253,-0.7349435,4.121223110285929e-09,4.452848353685828e-08
RDH14,-5.8808684,-0.68853146,4.081196509252293e-09,4.415674735561537e-08
EGFL7,-5.8915997,-0.5814699,3.824748667272021e-09,4.1496409919090786e-08
SEPHS2,-5.9001384,-0.4457218,3.6319645138747236e-09,3.9513962959121817e-08
CTU2,-5.904408,-1.3486599,3.5391532023466195e-09,3.861117833948986e-08
CHD8,-5.9056773,-0.71692705,3.5120087400928344e-09,3.8368329142460664e-08
TP53BP2,-5.9122543,-0.74761295,3.3745652116436408e-09,3.691811941150529e-08
LARP4,-5.913293,-0.81000555,3.353347867985179e-09,3.673716527618351e-08
HBQ1,-5.9146776,-0.66769975,3.32526000493731e-09,3.6480331478746605e-08
PUSL1,-5.915139,-0.9887196,3.3159483847593e-09,3.6429055331866155e-08
MRPS5,-5.919409,-0.6252973,3.23101071754899e-09,3.5545643118133496e-08
KIF2A,-5.9211397,-0.50541925,3.197183316253168e-09,3.522282601566429e-08
NOP14,-5.9270244,-0.7310927,3.084729727361544e-09,3.403167416913613e-08
SCAND1,-5.9282937,-0.46321613,3.060984871946501e-09,3.381720980188434e-08
COMMD9,-5.9423714,-0.72913325,2.8092800868665363e-09,3.108013391878401e-08
TACO1,-5.9441023,-0.83804905,2.779760257630236e-09,3.079692076683428e-08
C17orf58,-5.9533334,-0.7170511,2.627351468519978e-09,2.9149499696644675e-08
HNRNPR,-5.957603,-0.44752544,2.559644909666902e-09,2.8478768789565886e-08
RPS28,-5.971219,-0.30601546,2.354873885473218e-09,2.6312282176944708e-08
ALKBH2,-5.97295,-0.94100755,2.3300154252641287e-09,2.6071611346794488e-08
MPST,-5.9820657,-0.45225295,2.203253802800264e-09,2.468838604992307e-08
TOMM40,-5.9872584,-0.3400693,2.1340779430181455e-09,2.3947403203439333e-08
NAA20,-5.9887586,-0.57157695,2.1144908508658315e-09,2.3761553123821325e-08
LETM1,-5.990489,-1.1263825,2.092107934763244e-09,2.3543707489348544e-08
ERI2,-5.998913,-1.1694674,1.9864313955871963e-09,2.2386540333339205e-08
SRSF7,-6.014375,-0.32615238,1.8058206776680914e-09,2.0409671112349437e-08
PPIL1,-6.025568,-0.66271067,1.6851691057076323e-09,1.910101489947107e-08
WDR77,-6.039415,-0.6893091,1.5467426971493057e-09,1.758272631853516e-08
DDB1,-6.0414915,-0.683045,1.5269585587342946e-09,1.7382984751967947e-08
SUZ12,-6.0452995,-0.6388191,1.4913262301917477e-09,1.7001984815901565e-08
HDDC3,-6.059377,-0.6272962,1.3664959589151352e-09,1.5601490926276727e-08
GTF2H2,-6.0603004,-1.2421622,1.3586761537875028e-09,1.553479066666788e-08
MCM3,-6.0644546,-0.58406216,1.3240234824770494e-09,1.5160647893377874e-08
UBXN1,-6.092494,-0.38473988,1.1116484820028731e-09,1.274744354179937e-08
PSMD7,-6.0941095,-0.4336279,1.1004817766745199e-09,1.263784262540695e-08
PNP,-6.109341,-0.6898704,1.000432272201155e-09,1.1539494123553702e-08
HIST2H2AC,-6.122957,-0.93817097,9.185432625585565e-10,1.0641824966662923e-08
TROAP,-6.127227,-0.9982204,8.942400291564264e-10,1.0375561933565332e-08
RRP9,-6.127573,-0.6716037,8.922972139935885e-10,1.036833523065035e-08
PRPF31,-6.1354194,-0.70202386,8.493479831039987e-10,9.88389393671394e-09
FAM184A,-6.152728,-1.0194987,7.616136886845309e-10,8.876076446019273e-09
COMMD5,-6.155267,-0.79687315,7.495131392230825e-10,8.748032256459603e-09
SBDS,-6.171075,-0.50764954,6.782721354067681e-10,7.951981527791288e-09
TOP1MT,-6.1733828,-0.7894353,6.68440796295446e-10,7.87196769850184e-09
POLR2I,-6.1857295,-0.5635961,6.181587974160762e-10,7.334799627950572e-09
CORO1C,-6.1871142,-0.68549144,6.127553290422346e-10,7.2816839782553e-09
C2orf88,-6.1893067,-0.6843047,6.042939553600451e-10,7.192013665686596e-09
CHST2,-6.1903453,-1.1629825,6.00325832309447e-10,7.15562885097224e-09
DNAJC30,-6.191384,-1.1270334,5.963831375200353e-10,7.119436998814403e-09
HNRNPC,-6.19623,-0.3172333,5.783154754405551e-10,6.914258842595982e-09
MRPS11,-6.198538,-0.62170994,5.699006436388047e-10,6.824038956985992e-09
RIOK2,-6.203038,-0.9954771,5.538339769949289e-10,6.641779983656743e-09
HN1,-6.213654,-0.54031914,5.176642023677501e-10,6.227032633382353e-09
GSPT1,-6.2172313,-0.45380276,5.060039773889261e-10,6.109960238406173e-09
STOML2,-6.2245007,-0.3873291,4.830917493351804e-10,5.855996436771361e-09
PRMT1,-6.23304,-0.46425766,4.574702841343049e-10,5.553986216190054e-09
EMC8,-6.23904,-0.637933,4.4026452631645596e-10,5.369996668036897e-09
LRPPRC,-6.2423863,-0.59199136,4.3094508012048713e-10,5.264500162280601e-09
PPAT,-6.2707725,-0.8630796,3.592616661298914e-10,4.40937560539109e-09
DDX55,-6.2746954,-0.94048643,3.503190392024777e-10,4.306347500681474e-09
OXSM,-6.2790804,-1.076156,3.40581433186707e-10,4.199436700134078e-09
AK2,-6.2880807,-0.36103177,3.2141451560113333e-10,3.969671415168086e-09
ELL2,-6.294312,-1.3455892,3.0876637474714706e-10,3.825488759682713e-09
NDUFS7,-6.3013506,-0.2554774,2.950628414128238e-10,3.667276296357169e-09
PRMT5,-6.302966,-0.7658278,2.92002579129439e-10,3.6349924866271684e-09
ATP5D,-6.313928,-0.29901075,2.7204003743265435e-10,3.3918642762436508e-09
ELOVL6,-6.3231597,-0.7481489,2.562685120911894e-10,3.2003007352564267e-09
LBH,-6.3258133,-1.4451234,2.5190192946132504e-10,3.1507797068769237e-09
PKM,-6.331583,-0.46823838,2.426585626156447e-10,3.0400047995947193e-09
CTR9,-6.3345833,-1.1419963,2.379837908762634e-10,2.9862023599569474e-09
PTRH2,-6.34693,-0.8785028,2.1965412395150358e-10,2.765037089165161e-09
FAM136A,-6.3589306,-0.54823816,2.031632740741314e-10,2.5656712505664023e-09
COA4,-6.369431,-0.6091351,1.897307048846619e-10,2.3998948258760376e-09
KTI12,-6.382124,-1.0957786,1.7464847964607717e-10,2.219844348899573e-09
NOL8,-6.385009,-0.74103296,1.7138768895739593e-10,2.1819291681691167e-09
PES1,-6.3932014,-0.85301685,1.6244801504682762e-10,2.07484415966314e-09
YRDC,-6.4056635,-0.63437057,1.4971674435372806e-10,1.9184747583989133e-09
ARGLU1,-6.407279,-0.5444779,1.4813952404768115e-10,1.901365949991071e-09
PPIP5K2,-6.4079714,-0.8322136,1.4746855383220818e-10,1.895851866369878e-09
PRPF19,-6.410164,-0.7241464,1.453633486426838e-10,1.8718509894889856e-09
OSBPL8,-6.4262033,-0.5408842,1.3083059322518286e-10,1.6874783411885246e-09
TERF2,-6.435319,-1.243274,1.2321434530755643e-10,1.5918563855112758e-09
ARPC5L,-6.436819,-0.48921064,1.220032790893732e-10,1.5788068488418887e-09
SYNGR2,-6.4375114,-0.7386645,1.214482571297855e-10,1.574217920386906e-09
FAM86A,-6.4490504,-1.402079,1.125531560635019e-10,1.4637500676801448e-09
GMPR,-6.456897,-0.6283345,1.0687164425288997e-10,1.3921671071417091e-09
H2AFX,-6.458397,-0.85830075,1.0581785664666665e-10,1.3807296743514393e-09
LMO2,-6.461628,-0.71003115,1.0358254289981693e-10,1.3538117711781398e-09
ZNF281,-6.4620895,-0.9158497,1.0326700433760287e-10,1.3519371984531176e-09
MRPS15,-6.4647436,-0.3047108,1.0147081069749759e-10,1.3306397629863834e-09
TUBB6,-6.4669356,-0.93606156,1.0001006700690807e-10,1.3136773851827138e-09
UQCR10,-6.4772058,-0.2961429,9.343683261039388e-11,1.2314535573064496e-09
PHF5A,-6.4802055,-0.5785032,9.159761911556855e-11,1.2092425179038504e-09
LRR1,-6.489091,-0.9027236,8.635590510203757e-11,1.1438880852892162e-09
CHCHD3,-6.4953218,-0.59187794,8.285605987637196e-11,1.0993823485285502e-09
SLC20A1,-6.499822,-1.0317957,8.041504166103829e-11,1.0706104275380606e-09
TBRG4,-6.502938,-0.7865169,7.876644708707937e-11,1.050442176348062e-09
SPHK1,-6.511361,-1.4915254,7.447285027764053e-11,9.948711546443307e-10
MRP63,-6.5120535,-0.47387657,7.413030999477604e-11,9.919822572554783e-10
ZBTB38,-6.5126305,-0.9731544,7.384603711537443e-11,9.898645418792936e-10
TCEB2,-6.517131,-0.3107761,7.166499651977714e-11,9.639187459980298e-10
PRKDC,-6.520823,-0.53181607,6.99225863765741e-11,9.437146322817688e-10
DDX39A,-6.5314393,-0.70272595,6.514072431906147e-11,8.822075681486688e-10
SDCCAG3,-6.531785,-1.0695351,6.499030468925419e-11,8.816905757065486e-10
CLINT1,-6.537093,-0.78974193,6.272596720219945e-11,8.539210959675505e-10
C1orf109,-6.539747,-0.9892794,6.162291945300324e-11,8.403611671932994e-10
TMEM69,-6.559017,-0.7646945,5.416349911760326e-11,7.412095567400237e-10
PRDX4,-6.563287,-0.3784141,5.2634472471994925e-11,7.215423756850264e-10
TAC3,-6.579557,-1.386833,4.7185252017402755e-11,6.479722982459767e-10
RPUSD3,-6.5837107,-0.7495102,4.588489739076329e-11,6.312186847713583e-10
DBF4,-6.5842876,-0.73396915,4.5707088421810015e-11,6.298757536023117e-10
PDCD11,-6.6114044,-1.0778204,3.806905052126725e-11,5.255402317127491e-10
RPIA,-6.6123276,-0.990033,3.783233684848142e-11,5.231919118746859e-10
EIF1AD,-6.61302,-0.86266714,3.765574738928304e-11,5.21668246459997e-10
ISOC2,-6.614174,-0.5374231,3.736322242668058e-11,5.185302335010176e-10
CYC1,-6.620636,-0.3564498,3.5765718511485496e-11,4.981200689853166e-10
TCOF1,-6.6220202,-0.8105492,3.5432195453550285e-11,4.943515013990009e-10
TIMM8A,-6.622597,-0.87361085,3.52941275472372e-11,4.933013734582709e-10
SLC39A8,-6.6314826,-0.8987308,3.323319807335094e-11,4.653240122391651e-10
RPP25L,-6.6335597,-0.7256032,3.276867689060019e-11,4.596392088851151e-10
GMPPA,-6.6341367,-0.68578273,3.2640774931968574e-11,4.5866419873097165e-10
TMX2,-6.658138,-0.6232188,2.7731899189287176e-11,3.9249381645378517e-10
GEMIN6,-6.6680613,-0.8830345,2.592046645810231e-11,3.675185271270643e-10
MRPL21,-6.675446,-0.39239722,2.4648107078463842e-11,3.5011009240747467e-10
RAC3,-6.679485,-0.73538566,2.3978360244043278e-11,3.412138038350724e-10
UBE2S,-6.680408,-0.66526127,2.3827795070349967e-11,3.3968662482322866e-10
CHAC2,-6.68387,-1.3804427,2.3271374462289397e-11,3.32357538911424e-10
CD2BP2,-6.6906776,-0.91281396,2.2213938769589748e-11,3.184133011589917e-10
C19orf52,-6.691947,-0.9443366,2.2022060215004974e-11,3.162400054641025e-10
GART,-6.7016397,-0.60342103,2.060935393644654e-11,2.9649537577067325e-10
HSPA4,-6.701986,-0.6784375,2.0560576904368484e-11,2.9633638822718246e-10
THAP4,-6.7097173,-1.039644,1.950020535138372e-11,2.815700607263219e-10
PRRC2C,-6.7109866,-0.45909387,1.9331309408191372e-11,2.796453690632472e-10
TFAM,-6.7225256,-0.7358253,1.786015189231151e-11,2.5931884124603866e-10
NDUFA11,-6.7372956,-0.3650954,1.613618951277836e-11,2.3603308868319187e-10
ANP32E,-6.7617583,-0.71038353,1.3632711982471908e-11,2.005336191429154e-10
MT-ND4L,-6.777682,-0.92510486,1.2211923605634738e-11,1.8064907706640466e-10
SYNGR1,-6.780105,-1.0813725,1.2008837706441068e-11,1.7798003808319733e-10
NDUFC1,-6.7802205,-0.5012168,1.199924991643294e-11,1.7798003808319733e-10
RNF8,-6.7802205,-0.8012506,1.199924991643294e-11,1.7798003808319733e-10
PTP4A2,-6.7811437,-0.35682276,1.1922817053252671e-11,1.777110587349141e-10
HIST1H3D,-6.785644,-2.5519743,1.1556983457536915e-11,1.7258575106264728e-10
ZNF639,-6.789913,-0.98055017,1.122008639583402e-11,1.678738640748119e-10
PIH1D1,-6.8007603,-0.6357723,1.0406859246462162e-11,1.5600358660488603e-10
UBE2L3,-6.8056064,-0.4902644,1.0062440747348874e-11,1.5112900969488604e-10
EEF1D,-6.8112607,-0.2841014,9.674717425261209e-12,1.4558410991461072e-10
TMEM138,-6.816107,-0.92774165,9.35406250513519e-12,1.4102909976552193e-10
DNPH1,-6.8216457,-0.47477984,9.000338612707179e-12,1.3595703808233634e-10
CCDC51,-6.8303,-0.9193136,8.473722156264639e-12,1.2824872357891855e-10
YY1,-6.83907,-0.621082,7.970910176441595e-12,1.2087162053271956e-10
BZW2,-6.842185,-0.6867116,7.79941444127109e-12,1.184998074200859e-10
LUC7L,-6.8489933,-0.92674524,7.437149800923001e-12,1.1343458579854404e-10
NDUFB7,-6.8556857,-0.39811376,7.097116023911104e-12,1.0845884507358311e-10
DLAT,-6.8674555,-0.853156,6.5357030052563614e-12,1.0046564991445934e-10
POLR2L,-6.8720713,-0.4486033,6.32762977481261e-12,9.76493750120885e-11
PARP1,-6.875187,-0.40776867,6.1908650471100396e-12,9.572686012804992e-11
TMEM147,-6.8843026,-0.47674257,5.807127380915501e-12,9.032670411305201e-11
NOB1,-6.886726,-0.76565194,5.709107018165926e-12,8.897824529304237e-11
PSME2,-6.888457,-0.46601582,5.6400871852851545e-12,8.807730584575523e-11
NDUFB10,-6.896303,-0.36222008,5.337317974454886e-12,8.368190157553519e-11
FAM98A,-6.8973417,-1.2816837,5.298458922644474e-12,8.32387896747447e-11
METTL13,-6.9031115,-1.0472027,5.087572575525414e-12,8.008593703557541e-11
MAGEA12,-6.9040346,-0.7011262,5.054603206171932e-12,7.972672326200909e-11
RP11-1094M14.11,-6.9085345,-0.71428734,4.8968529898096355e-12,7.739392401399333e-11
SLC2A1,-6.9299974,-1.0602051,4.208487147690426e-12,6.678316473759252e-11
SYNCRIP,-6.9299974,-0.59444916,4.208487147690426e-12,6.678316473759252e-11
GRPEL1,-6.93069,-0.79992414,4.187939934654776e-12,6.67267103178768e-11
MRPS2,-6.932997,-0.8084279,4.1201569998793184e-12,6.578014884969927e-11
DENND2D,-6.936113,-0.95391524,4.030353577037685e-12,6.447744877317926e-11
MRPL28,-6.9496136,-0.5794739,3.662879765845572e-12,5.883828335524942e-11
KIAA1586,-6.960114,-0.73592824,3.39997120602824e-12,5.483937130051709e-11
BYSL,-6.9693456,-0.88924044,3.1841910697778535e-12,5.146465196112148e-11
NSUN5,-6.9835386,-0.92196155,2.8783673673913097e-12,4.681071567465577e-11
EIF3A,-6.9886155,-0.58805823,2.7761194673055843e-12,4.533558922179909e-11
RHAG,-7.0080013,-0.93383235,2.4174683035447876e-12,3.9643452034121724e-11
TMEM183A,-7.0125012,-0.86071944,2.3409457124573343e-12,3.854953578899866e-11
SET,-7.014232,-0.4166446,2.3121509248120468e-12,3.8155347719324846e-11
HNRNPA3,-7.0272713,-0.5374233,2.1061156876901024e-12,3.4828502582748954e-11
FLAD1,-7.033272,-0.84675336,2.017460646356951e-12,3.343281303192795e-11
ECI2,-7.036733,-0.8624223,1.967989643390513e-12,3.2681942175121516e-11
FKBP1A,-7.037541,-0.31127363,1.9566187540101073e-12,3.256194981514702e-11
MAD2L1BP,-7.040541,-0.87441134,1.9149454929941193e-12,3.200403584567831e-11
APRT,-7.0487337,-0.3633928,1.8055300924297831e-12,3.0239741739948713e-11
CCDC137,-7.0521955,-0.8048192,1.7611633602044279e-12,2.9559696996593546e-11
PRCC,-7.0622344,-0.88277906,1.6384605222701272e-12,2.7618256228394524e-11
SLC25A33,-7.0652347,-0.66315717,1.6034469361147046e-12,2.7086184264905384e-11
CNBP,-7.0722737,-0.29969826,1.5241557191519613e-12,2.580224821969538e-11
G3BP2,-7.0728507,-0.7669858,1.5178297276305487e-12,2.5750653370492352e-11
RPL37A,-7.0876203,-0.27051064,1.364375160926368e-12,2.3298188889297e-11
NCBP2,-7.094313,-0.74936545,1.299955104876008e-12,2.224650838518746e-11
NME4,-7.100313,-0.49431226,1.2447428422591382e-12,2.1348155078483692e-11
MRPL16,-7.102275,-0.42522463,1.2271968340148644e-12,2.109328475095571e-11
MCAT,-7.103775,-1.2081255,1.2139432714381096e-12,2.0911237713040246e-11
GAR1,-7.1095448,-0.67337525,1.1642644153302906e-12,2.0099553807515238e-11
SOD1,-7.1103525,-0.29756063,1.1574705319876206e-12,2.0026279799036915e-11
HMOX2,-7.111968,-0.9349619,1.1439992685083824e-12,1.9836896808241376e-11
CD2AP,-7.1394305,-1.055807,9.371822846853291e-13,1.6359037436007245e-11
MT-ND5,-7.1651626,-0.4128251,7.769418019756703e-13,1.3592155577993073e-11
ARHGAP11A,-7.173125,-1.2006899,7.330501710147681e-13,1.2881675823984347e-11
C14orf119,-7.1787786,-0.60490984,7.03368174405327e-13,1.2387795986443597e-11
UTP15,-7.184087,-1.9122584,6.765787502501166e-13,1.1942755243179024e-11
AAMP,-7.1869717,-0.7117695,6.624420580215284e-13,1.1746009854986694e-11
UTP14A,-7.1990876,-0.85182893,6.061682764815848e-13,1.0772515411228164e-11
SLC25A19,-7.213973,-1.2239498,5.434257921293439e-13,9.745684011817343e-12
DKC1,-7.230589,-0.65206367,4.809033556034033e-13,8.663981326295259e-12
TET1,-7.242705,-1.6892811,4.398226303220468e-13,7.942084508459029e-12
DNTTIP2,-7.244205,-0.73377097,4.3498256502846086e-13,7.872783521425253e-12
BIRC5,-7.264283,-0.8327455,3.750219178741323e-13,6.803226708779005e-12
BAG2,-7.272822,-0.7229578,3.520541974774806e-13,6.401355836077801e-12
SRP14,-7.2813606,-0.37893817,3.304694191705667e-13,6.036830901360003e-12
EI24,-7.28413,-0.49365282,3.23752199646529e-13,5.941760579961414e-12
NPM3,-7.293823,-0.48095283,3.012811919143918e-13,5.542303893413461e-12
PPM1G,-7.305362,-0.55077076,2.765211822335075e-13,5.0987649916530546e-12
PHAX,-7.3082466,-0.98566824,2.706503659217473e-13,5.002255586624294e-12
TOR1AIP2,-7.314247,-0.88439286,2.5882849179340277e-13,4.8063777849578695e-12
RAD23B,-7.317478,-0.6741286,2.526745060373422e-13,4.703218589865694e-12
ATP5J2,-7.324632,-0.3476571,2.3955477101176105e-13,4.469602675290696e-12
MRPS26,-7.336748,-0.6285179,2.1884576914969333e-13,4.092936944454384e-12
DAK,-7.339287,-1.3413405,2.147350363701234e-13,4.025641314289545e-12
EIF4G2,-7.357057,-0.53387904,1.8800921770795948e-13,3.5415165589832655e-12
DDX10,-7.3666344,-1.097867,1.749896473002779e-13,3.320153815322906e-12
PRDX2,-7.36675,-0.2642335,1.74838315483465e-13,3.320153815322906e-12
BAG1,-7.371365,-0.738342,1.6888934826899275e-13,3.2199656083809176e-12
TOE1,-7.389597,-1.2447557,1.4727451933691577e-13,2.8215642668084716e-12
HIC2,-7.4027514,-0.67842954,1.333912553203887e-13,2.5618296101262917e-12
TBC1D4,-7.411867,-1.3752594,1.2453332449581956e-13,2.397571725281036e-12
NEFH,-7.4296374,-1.7105825,1.0889575860726885e-13,2.1016613854056435e-12
MTIF2,-7.444292,-0.81361395,9.74657067589712e-14,1.890353398991898e-12
ZNF428,-7.456985,-0.49790207,8.852482179037659e-14,1.7297574009040002e-12
RBM28,-7.4772935,-0.86924696,7.586877179842482e-14,1.4898730061915674e-12
ELOF1,-7.4973717,-0.70511675,6.51102265299779e-14,1.2818065899573343e-12
RPL7L1,-7.5030255,-0.75275797,6.236133061270174e-14,1.2338746900825495e-12
NAA50,-7.517334,-0.7905434,5.5904437230926077e-14,1.111719884680821e-12
BMS1,-7.525181,-0.8854755,5.2647493441456854e-14,1.0522800533909504e-12
PPID,-7.5272574,-0.81431717,5.1817062406678464e-14,1.0383240438889268e-12
MRPL11,-7.5316424,-0.56528425,5.0105996147109623e-14,1.0066051144131614e-12
MRPL2,-7.5632596,-0.71746105,3.930924802975685e-14,7.958096476127321e-13
ILF3,-7.58553,-0.6786571,3.311312902250594e-14,6.73843597077161e-13
C8orf33,-7.5911837,-0.8961409,3.1699569424769565e-14,6.467535528092595e-13
ZNF770,-7.6113772,-1.0104818,2.7119049208771174e-14,5.54739925872129e-13
PSMC3,-7.621993,-0.5516556,2.4978837025980562e-14,5.122944251673037e-13
HDHD3,-7.6431093,-1.2653844,2.1203744574095147e-14,4.360089362029251e-13
PA2G4,-7.6474943,-0.44864014,2.0493320899461673e-14,4.225066552894264e-13
SPTSSA,-7.667111,-0.6898508,1.75913904196859e-14,3.6363255722798093e-13
MRPL12,-7.679804,-0.54252446,1.593325908994179e-14,3.302262536978701e-13
TMEM38B,-7.7117667,-0.9318303,1.2408773045206164e-14,2.599224327202518e-13
YTHDF2,-7.7122283,-0.7423599,1.2363964809264668e-14,2.5967631972399457e-13
NIPA2,-7.7287292,-0.9920102,1.0862549307400253e-14,2.293691527140564e-13
NUDC,-7.7692313,-0.42965224,7.896393663386377e-15,1.6763830331324323e-13
POLR2F,-7.7744236,-0.4669727,7.579163193547722e-15,1.613396392556026e-13
ZNF146,-7.8066177,-0.93810487,5.874313620890475e-15,1.2538786275025729e-13
USP1,-7.8241568,-0.7641851,5.110700378377021e-15,1.0968456686380191e-13
DPM2,-7.827388,-0.67077696,4.9811041193341175e-15,1.074905847729931e-13
AMD1,-7.8331575,-1.0427322,4.757679962262199e-15,1.0295200028531563e-13
PARK7,-7.852889,-0.3060971,4.065609229115255e-15,8.821922788591251e-14
TIMM10,-7.8585434,-0.65744877,3.886263971972982e-15,8.456122853143427e-14
POLR2H,-7.8773518,-0.7496378,3.3439211351805035e-15,7.357563169983993e-14
ECE2,-7.8854294,-1.1706235,3.1345616120115573e-15,6.916286927626625e-14
FAM173A,-7.889583,-0.7978038,3.0319720976513306e-15,6.727723397472092e-14
RAB7A,-7.892468,-0.63009524,2.9626818393481515e-15,6.592596557529669e-14
YWHAQ,-7.8992763,-0.5121938,2.8052789957241284e-15,6.277910687012259e-14
MID1IP1,-7.9182,-0.971043,2.409733467043096e-15,5.4081303953210054e-14
C19orf24,-7.9305468,-0.66044796,2.1818295480479805e-15,4.9247905459531284e-14
XPO1,-7.9383936,-0.7185476,2.0481682696434426e-15,4.649815537008451e-14
SLIRP,-7.984434,-0.56336087,1.4116835592540348e-15,3.2614042229236596e-14
C12orf43,-7.986742,-1.2840554,1.3855168417610163e-15,3.210393743962473e-14
GEMIN7,-8.006127,-0.8986719,1.1837696493237854e-15,2.7592019571033635e-14
SLC43A3,-8.01559,-0.81064874,1.0960998034483532e-15,2.577803579666711e-14
ACIN1,-8.01709,-0.80137706,1.0828012464393534e-15,2.5541753125468833e-14
LYAR,-8.0689,-0.85119706,7.093440582618618e-16,1.683352742491518e-14
BTG1,-8.078246,-0.5407345,6.57046946248382e-16,1.563970837206376e-14
WDR3,-8.083554,-1.4756354,6.290585210503814e-16,1.5019011194075216e-14
TPI1,-8.091863,-0.3216963,5.875919604860533e-16,1.4071752590298625e-14
DDX18,-8.102593,-0.7703281,5.379961005393949e-16,1.2963065551340328e-14
YTHDC1,-8.114248,-0.94821167,4.888011397678141e-16,1.1813947547311322e-14
PAK1IP1,-8.11471,-0.88009655,4.86946927200297e-16,1.180545713937757e-14
SRP9,-8.136172,-0.38221815,4.07970623233397e-16,9.921390852936018e-15
GNB1L,-8.142981,-1.044266,3.8566449636692927e-16,9.408057822864066e-15
COA7,-8.150366,-1.2962377,3.628261307744723e-16,8.878502358982804e-15
CHCHD4,-8.150827,-0.9468318,3.6144384866179584e-16,8.87231697262002e-15
DIMT1,-8.155096,-0.837257,3.4890131594886785e-16,8.591284754791087e-15
C6orf48,-8.170213,-0.6090918,3.078465054180431e-16,7.604195912134366e-15
CDC42EP1,-8.170905,-0.78124,3.060847760465323e-16,7.584529702982684e-15
DNAAF2,-8.170905,-1.1646492,3.060847760465323e-16,7.584529702982684e-15
SRPK1,-8.2256,-0.7753995,1.9421623660187278e-16,4.889642751627277e-15
EIF4G1,-8.24337,-0.7695629,1.674267330164517e-16,4.228736295319061e-15
EIF3G,-8.258832,-0.50808287,1.471043538839e-16,3.727434515348499e-15
DOHH,-8.260101,-1.2978543,1.45548456477877e-16,3.6999453904004e-15
BOLA3,-8.266448,-0.72963756,1.3800907246017462e-16,3.5196794291385443e-15
POLR3K,-8.276834,-0.6267913,1.2649415786609866e-16,3.2365199024045766e-15
UQCR11-1,-8.370069,-0.42341813,5.758467830654508e-17,1.4879198950589198e-15
KLF1,-8.381262,-0.93505025,5.2363414206334954e-17,1.3619689357309969e-15
SLC7A8,-8.478189,-1.4060262,2.287254357901568e-17,6.028987577623093e-16
MDH2,-8.484998,-0.37021765,2.1572352210277203e-17,5.705415037431901e-16
RRP1B,-8.529769,-0.99874794,1.4664040182743463e-17,3.917892368552718e-16
NAF1,-8.537847,-1.3915302,1.3674677828466395e-17,3.6785819980343677e-16
PEBP1,-8.547193,-0.4243614,1.2611840795235803e-17,3.404330221531863e-16
CDK12,-8.579387,-0.8813533,9.538030714273369e-18,2.5924301474262047e-16
PGP,-8.613773,-0.6742045,7.0694584125744e-18,1.9348639662289864e-16
HIST1H4H,-8.617697,-1.4419613,6.8314582867781886e-18,1.884743600953528e-16
PAFAH1B3,-8.625543,-0.73785037,6.378934911874085e-18,1.7705488951509163e-16
HSPB1,-8.631197,-0.66839266,6.071322639979549e-18,1.691143238902105e-16
CITED2,-8.6465435,-0.7135867,5.308263078609814e-18,1.4838578819387932e-16
RUVBL1,-8.6772375,-0.87868965,4.0549698381801186e-18,1.1375638599608868e-16
IFRD2,-8.67793,-1.0870615,4.030367646218467e-18,1.134714618675486e-16
CHD1,-8.700546,-0.76017314,3.3028949888428653e-18,9.332460481065002e-17
ZNHIT2,-8.75628,-1.3472934,2.0179987750693773e-18,5.785175320499985e-17
TUBB4B,-8.7573185,-0.7981454,1.9994988591357726e-18,5.753136827293588e-17
CCDC85B,-8.77105,-0.74169964,1.7700773058443308e-18,5.130611526718531e-17
DCTPP1,-8.800128,-0.6765735,1.3665967926354578e-18,4.0054544052804185e-17
TFDP1,-8.8554,-0.79012686,8.338395434780469e-19,2.4531122149887857e-17
TRIAP1,-8.860939,-0.800218,7.934318607058441e-19,2.343010250317446e-17
TRUB2,-8.865209,-0.86135334,7.636099482771462e-19,2.2634551485724464e-17
TRAPPC2L,-8.873748,-1.0456129,7.072484324908341e-19,2.1043319837937506e-17
WDR43,-8.876978,-0.9761597,6.870114749940908e-19,2.051891686721895e-17
PRKAR2B,-8.882171,-0.7582402,6.556797091739039e-19,1.9657878303667996e-17
RNF126,-8.908249,-0.7292061,5.184477824127735e-19,1.5723580428001296e-17
MRPL40,-8.920365,-0.5291395,4.647533219307106e-19,1.4204814567181835e-17
STRA13,-8.922442,-0.7494035,4.561170596788274e-19,1.3995310561629644e-17
EIF4A3,-8.959367,-0.8641021,3.265473378782763e-19,1.0058938584446512e-17
RPS10,-8.965021,-0.37126923,3.102211627902264e-19,9.593650526445781e-18
SCO2,-8.96906,-1.1623739,2.9905598668297474e-19,9.28492006084888e-18
FKBP4,-9.030102,-1.0185512,1.7151286766190002e-19,5.388934301936899e-18
SNRPA1,-9.0370245,-0.6239998,1.6099389705360126e-19,5.07874321829734e-18
SRM,-9.040717,-0.59350413,1.5564712663112594e-19,4.929871692288283e-18
COCH,-9.05791,-0.71722996,1.32973384998666e-19,4.2459591022948025e-18
GAPDH,-9.058487,-0.25641456,1.3227202852482424e-19,4.240803200255079e-18
SLC38A5,-9.069103,-1.3425418,1.2000049376879015e-19,3.863130649810847e-18
LBR,-9.098066,-0.91436076,9.195439167221411e-20,2.997102682926315e-18
SLC25A5,-9.103605,-0.47077346,8.738213605727811e-20,2.8599444947079982e-18
TRMT10C,-9.105798,-0.9296642,8.563501558351026e-20,2.814489738110766e-18
GAD1,-9.140183,-1.0543876,6.234631457218135e-20,2.0663725779092176e-18
UCP2,-9.153223,-1.2687055,5.525983664744667e-20,1.83926278332921e-18
GAL,-9.237574,-0.7821176,2.521511116186109e-20,8.537271473121504e-19
RPP25,-9.239996,-1.0900506,2.465055947638998e-20,8.38225734575945e-19
GPANK1,-9.269767,-0.9717301,1.8655286080129254e-20,6.371185746061534e-19
MAGEA6,-9.269998,-0.90727717,1.861496607350826e-20,6.371185746061534e-19
GNL3,-9.285576,-0.7653676,1.6083553732994595e-20,5.541066428625989e-19
CHCHD2,-9.286268,-0.25242093,1.5979318422965065e-20,5.529407322131744e-19
CYCS,-9.303692,-0.5067223,1.356518568855218e-20,4.714802370954752e-19
RSL1D1,-9.334155,-0.48420343,1.0180011694249797e-20,3.553955193703651e-19
C20orf27,-9.337732,-0.9393932,9.841968344167761e-21,3.4512795242606144e-19
AARS,-9.354002,-2.9493515,8.439263125838869e-21,2.97266420867553e-19
TRIM27,-9.3643875,-1.0331566,7.649290711229614e-21,2.7065395737256136e-19
SRSF4,-9.370964,-0.6696781,7.187277346347082e-21,2.554573011563635e-19
CCDC124,-9.4181595,-0.8439987,4.590659355848456e-21,1.6617340663681854e-19
VDAC1,-9.498701,-0.59078807,2.1252374881515784e-21,7.837436840108285e-20
NDUFA2,-9.528703,-0.66350543,1.5926048660754336e-21,5.92886787820973e-20
MARCKSL1,-9.530664,-0.64509916,1.5627946266210764e-21,5.845596091480264e-20
ATP5A1,-9.53378,-0.46701798,1.5165797269798764e-21,5.69987261025212e-20
RRP1,-9.561012,-1.1012492,1.1661047075744022e-21,4.4037271528831385e-20
RANBP1,-9.584206,-0.2859275,9.317174238930135e-22,3.5527380411066124e-20
RPP38,-9.599899,-1.1192216,8.002293711842831e-22,3.0662447369036797e-20
ABT1,-9.625862,-0.7242023,6.21835479603527e-22,2.39437141778711e-20
AURKAIP1,-9.634285,-0.47175652,5.728935368535381e-22,2.2167875527017445e-20
KNOP1,-9.677326,-0.9758692,3.7643359746100154e-22,1.4710875164458543e-20
MRPL55,-9.7279825,-0.74023145,2.290923337340576e-22,9.134620718177779e-21
DEF8,-9.748522,-1.1550021,1.8717418434136995e-22,7.501291928578882e-21
TIMM13,-9.751291,-0.5012551,1.8213719382364768e-22,7.336859781973089e-21
MYL4,-9.787639,-0.8754239,1.2723219696978404e-22,5.178284493252091e-21
FEN1,-9.796062,-1.116229,1.170602734308151e-22,4.789106498953399e-21
CCT7,-9.8667965,-0.6499389,5.798688673068847e-23,2.4099841019553333e-21
FAM207A,-9.891836,-0.8635865,4.5166544615441294e-23,1.887144723161124e-21
HIST1H2BJ,-9.897375,-1.3483045,4.273439751631859e-23,1.7950732218753074e-21
RRS1,-9.933146,-1.2738576,2.986799714427337e-23,1.2750712911318877e-21
MRPL36,-9.997072,-0.7392362,1.5696906822220082e-23,6.774681488381249e-22
HMGA1,-10.017727,-0.33725262,1.273988310992066e-23,5.528827725327447e-22
PFDN6,-10.060191,-0.8617255,8.283759162295639e-24,3.614940456657347e-22
LDHA,-10.093538,-0.6201632,5.90033054386026e-24,2.589223263800131e-22
PNO1,-10.098962,-1.1878865,5.582997454563675e-24,2.463732865483015e-22
ATP6V1F,-10.117655,-0.4881676,4.613349105067887e-24,2.0473365661191103e-22
PHF19,-10.163581,-0.852101,2.882903215210293e-24,1.301448549165336e-22
TIMM17A,-10.169234,-0.7892444,2.7203751986220547e-24,1.2351761378714589e-22
EIF4A1,-10.174081,-0.42456332,2.588312924828054e-24,1.1820463967746723e-22
SNRPB,-10.229468,-0.43248105,1.4632022443709933e-24,6.76085507619656e-23
POLR2E,-10.2342,-0.6569582,1.393427536659412e-24,6.47655224879271e-23
TRMT2A,-10.28174,-1.2403895,8.517552401610238e-25,4.006309827224456e-23
CCDC86,-10.285317,-1.5378599,8.207121460125307e-25,3.9070872163202595e-23
TMEM177,-10.287279,-1.9025445,8.041671986704844e-25,3.851666674119912e-23
MRPS7,-10.293972,-0.74811727,7.5016796830428375e-25,3.615073246030766e-23
NOLC1,-10.308049,-1.0040566,6.480328680981886e-25,3.161675887522529e-23
CD3EAP,-10.37036,-1.6986533,3.3824776308582406e-25,1.6605851118994676e-23
MRPL41,-10.470519,-0.5594259,1.1799442784068484e-25,5.866115384104933e-24
RRP7A,-10.480557,-1.2072405,1.06115942813506e-25,5.309176629299934e-24
PTGES2,-10.485058,-1.1298839,1.0118348046206317e-25,5.094847686086577e-24
SMIM15,-10.502944,-1.0969905,8.372773768244153e-26,4.2985711078142366e-24
NIP7,-10.560985,-1.161982,4.518951998540794e-26,2.366424529902529e-24
MRPL4,-10.602872,-0.9409981,2.889685156256877e-26,1.52338771157032e-24
UBAC1,-10.621219,-0.6788961,2.374408194443644e-26,1.2602011059023529e-24
CKB,-10.621449,-0.7186324,2.3685445858637133e-26,1.2602011059023529e-24
EIF3I,-10.685491,-0.5242849,1.1901748131877122e-26,6.447464246613434e-25
TUFM,-10.707762,-0.61739224,9.359770285522072e-27,5.105624693942769e-25
CD320,-10.736379,-1.0206908,6.868631994911808e-27,3.772944358044214e-25
RPS19,-10.744109,-0.25598294,6.3168624626818506e-27,3.4942925805891507e-25
RAN,-10.745148,-0.37582728,6.246174239254968e-27,3.479694939670055e-25
CRYM,-10.776765,-2.1566405,4.432000597413092e-27,2.4866689066199883e-25
IMP3,-10.786804,-0.7480326,3.9736992438231274e-27,2.261841127552947e-25
SERBP1,-10.81069,-0.47361472,3.0635833656160917e-27,1.7565290026944818e-25
SNHG15,-10.824306,-1.1522919,2.6407303211504098e-27,1.525215931811505e-25
NXT1,-10.843229,-1.017067,2.1475312898027238e-27,1.2495450578815106e-25
SRSF2,-10.91408,-0.6743118,9.872449013471196e-28,5.874855075819413e-26
MRPL34,-10.925849,-0.7515483,8.672538495700855e-28,5.240214606440787e-26
MRPS23,-10.946273,-0.7334991,6.9238007461133e-28,4.21600425276899e-26
UROD,-11.009853,-0.68417734,3.4256100218918753e-28,2.1187532851937541e-26
ALDOA,-11.03697,-0.54580337,2.5343563418012437e-28,1.5799499257816486e-26
RHCE,-11.062587,-1.7191111,1.9052239409906453e-28,1.1972427245185215e-26
C1QBP,-11.072972,-0.49988753,1.6967856002051672e-28,1.074858942710612e-26
TKT,-11.102627,-0.8418665,1.2180980799377707e-28,7.778992209683893e-27
FBXO9,-11.125359,-1.2627218,9.442494212280244e-29,6.079573117824698e-27
NDUFB8-1,-11.169669,-0.71941423,5.739440513127416e-29,3.7258929942657725e-27
CCT6A,-11.227249,-0.64263034,2.996647369468553e-29,1.9948021260318205e-27
C16orf91,-11.241326,-1.1966952,2.55514277006262e-29,1.7302281430036104e-27
MRTO4,-11.268674,-1.0888087,1.8737073413269328e-29,1.2798235796628745e-27
FAM178B,-11.276982,-1.8424624,1.704952654765095e-29,1.1747722020333177e-27
PSMB5,-11.345985,-0.5463498,7.764661761019651e-30,5.44566233328655e-28
HIST1H2BC,-11.44776,-2.1208787,2.4130147177458945e-30,1.7075883430535136e-28
ZNF593,-11.498185,-0.8471644,1.3471817978658125e-30,9.708360570858677e-29
PPAN,-11.588421,-1.3283391,4.717520041095406e-31,3.5291542783623255e-29
MYC,-11.715581,-1.155552,1.0606214601103497e-31,8.331181569166796e-30
HNRNPA2B1,-11.801315,-0.4664813,3.842563864039486e-32,3.144097828336475e-30
POLR3H,-11.854972,-1.3239275,2.027917188009236e-32,1.6767673170328998e-30
NTMT1,-11.9162445,-1.0543405,9.740101426992554e-33,8.139201777556012e-31
MRPL14,-12.01098,-0.7281568,3.111364842994735e-33,2.656496830622135e-31
RPS2,-12.114254,-0.26815966,8.876789246596357e-34,7.662327421100481e-32
HMBS,-12.167911,-1.1794684,4.607246855866971e-34,4.066283601442141e-32
MT-ND2,-12.177027,-0.45822558,4.120312989709785e-34,3.7201216705942944e-32
PPP1R14A,-12.283532,-0.85528326,1.1104265169797564e-34,1.0261647401030572e-32
HSP90AB1,-12.305456,-0.5800487,8.465697328492296e-35,7.916434823250832e-33
MAT2A,-12.355997,-1.1035038,4.5211617970023574e-35,4.2787621584883754e-33
RPL36,-12.360728,-0.37462765,4.2627887217905204e-35,4.0834396841054314e-33
MT-ATP6,-12.481888,-0.5027608,9.373749022070312e-36,9.320354249159786e-34
HSPD1,-12.677705,-0.65394014,7.859945624065542e-37,8.123667483820371e-35
NPM1,-12.786518,-0.46812186,1.9501674962693337e-37,2.070076443675083e-35
THAP7,-12.817674,-1.0144478,1.3055914838134616e-37,1.4048522062129784e-35
PRELID1,-12.908947,-0.53211904,4.00741430908619e-38,4.496891342553146e-36
NOP16,-13.179769,-1.2886714,1.147423126211151e-39,1.3866167163674758e-37
HEMGN,-13.186923,-1.8511592,1.0435890382743377e-39,1.2808424836945192e-37
POP7,-13.21704,-1.111221,6.996378336800369e-40,8.723262196121732e-38
YBX1,-13.307506,-0.28353772,2.0935510839249934e-40,2.6523941555211003e-38
NDUFS5,-13.408818,-0.49083555,5.36874148506482e-41,7.147705824607485e-39
SSSCA1,-13.419781,-1.5599669,4.630831868147313e-41,6.271583504189163e-39
PITX1,-13.424281,-1.1395551,4.3579541996155805e-41,6.005566708417612e-39
HNRNPD,-13.465706,-0.9162181,2.4892817997578984e-41,3.491662238767552e-39
MRPS12,-13.501131,-0.9788535,1.5399458480613192e-41,2.2400508586151226e-39
EXOSC4,-13.531478,-1.2215486,1.0195259245529105e-41,1.5110143655402097e-39
COX6B1,-13.630368,-0.62266845,2.6424520469957304e-42,3.991627082529127e-40
ENO1,-13.750143,-0.64722204,5.0828988682633914e-43,7.985234122041788e-41
MRPS34,-14.394483,-0.9183062,5.604272555881858e-47,1.0237572308477207e-44
HIST1H1C,-14.51795,-1.4133704,9.325738723547442e-48,1.8782994275247473e-45
HIST1H2AC,-14.552106,-1.6544318,5.663252232852497e-48,1.2022931429474692e-45
EIF5A,-14.660111,-0.65583104,1.1608280897772167e-48,2.5328624014444545e-46
GPATCH4,-14.765117,-1.5319916,2.458976151715168e-49,5.680958138741954e-47
CCT3,-14.781963,-0.88399816,1.915014653699052e-49,4.558315183274561e-47
EBNA1BP2,-14.825927,-1.0376267,9.959537945692692e-50,2.5236184052714867e-47
C19orf48,-14.875775,-1.3035501,4.734657175595934e-50,1.2396910704768688e-47
NME1,-15.629851,-0.67278105,4.558642113719456e-55,1.627642445603015e-52
YDJC,-16.00487,-0.86203635,1.1815961698844775e-57,4.640718957221286e-55
MS4A4A,-16.234497,-1.8058801,2.8759638945020256e-59,1.1889840205954425e-56
APOE,-16.509357,-1.1415135,3.142152597495978e-61,1.371200480740606e-58
HBG2,-16.688211,-1.3009826,1.5968276144734268e-62,7.378282889228686e-60
HBA1,-16.935493,-2.1001947,2.4628582115018605e-64,1.3818393750962225e-61
NCL,-17.738956,-1.1983415,2.0979666611050415e-70,1.4981389202709184e-67
HBG1,-18.050049,-1.2456763,7.882168382361143e-73,6.191443264344678e-70
GADD45GIP1,-18.527649,-1.1196319,1.2356924544403556e-76,1.2132955287036241e-73
HBZ,-19.069292,-2.7462997,4.5442266505545835e-81,5.099271477158037e-78
HIST1H2BK,-19.483196,-1.7701901,1.5245780356303836e-84,2.3951120939753326e-81
PHB,-19.569046,-1.2809788,2.839429993907099e-85,5.575930650535065e-82
PTMA,-20.156384,-0.9954472,2.3655283498673945e-90,9.290612594104193e-87
